Order_ID,Phone_Number,Payment_Method,Transaction_Status
e32af09a-b6ab-497e-af3a-331e4d4ed6e7,259.603.6134,Debit Card,completed
86eb8859-14ab-4d4e-9267-c5826f4e0c8e,+1-869-659-4272x982,Credit Card,completed
7379b560-8897-4623-92a2-523ddcdc43a1,292.840.0975x724,PayPal,pending
30c57f86-2fed-43c0-a399-654c2c3bb18d,+1-643-561-3912x262,PayPal,completed
41c29d81-9622-43c1-b537-7cdb320d3e6a,3424148376,PayPal,pending
0b8915d7-0614-47c4-88be-25aae8fa477b,833-392-3750x99267,Debit Card,pending
5f05f9e8-57c3-4610-bc41-3c2ccbe3e783,824-668-9191,PayPal,completed
0abf28e1-7a76-47d5-9d66-2fe2ca920fda,+1-683-714-3681,PayPal,completed
73129f55-e6fd-45b1-a3ac-fef5fae85dd7,+1-261-681-8748x0788,PayPal,completed
17647c6b-d1cc-4c86-a1d1-b06641de1574,+1-269-289-6161,PayPal,completed
a16962fd-0ae2-45cd-bc79-bb5c8fc3c76c,001-700-979-7231x93087,PayPal,pending
444dee20-f3e7-4a46-94bf-86f28f3218db,612-529-7477x25482,Debit Card,pending
2bad61d7-1e00-4280-9c63-851860da9097,(898)706-3931,Debit Card,completed
f4ca896e-9500-4cad-830b-1d4c264d2e17,001-515-658-2264,Debit Card,pending
7b10e89e-29e2-49df-951b-cb69f5d63fd7,245-597-6001x88072,PayPal,pending
596d5762-2de9-4c0f-aa7c-7e6eefefb2fb,(333)659-7851x16303,Credit Card,pending
4e830cf0-ea4b-451d-b5ed-753db1dfe1fc,001-236-629-1880,PayPal,pending
0e137c97-97a6-4818-848b-de4c93238bb7,537.897.4689,Credit Card,pending
069722e1-6803-47af-9c47-b07bc05c7671,874.512.5898x164,PayPal,pending
5c3f5e4c-676e-4223-b23d-74e93cb85325,458-731-6189x123,Debit Card,pending
18cc409c-c3fe-4a0a-badd-25b7c0bd5e7e,+1-357-530-7289x103,PayPal,pending
5584dd7c-bbe9-44f2-8928-5be0cb2b912b,(315)231-6007,Credit Card,completed
e2f1292e-f7d4-4921-9ca1-20d8304b94ab,7602861052,Credit Card,completed
21626bc3-a6b1-4d05-833b-1765a2763852,517-796-3040x5556,Debit Card,pending
603fcde8-7cd1-4101-9c18-a3b36b435a7c,+1-303-625-1760x74653,PayPal,completed
96af1605-fe1f-494a-ad0a-77a9c6d3568a,381.685.3371x40478,Debit Card,completed
ecb2c286-1e0d-468d-a16a-ded8b8624aa0,705-986-2149x032,Credit Card,pending
6a7e8bad-7b5d-4f3f-8c9e-5541ccbfbe37,001-806-725-0953x098,Credit Card,completed
430d7413-f257-401f-b302-4354e6b718b4,+1-751-600-4376x4785,Debit Card,completed
1ad65d13-2045-45e0-b163-645af742e15f,508.640.2112x74967,Debit Card,pending
7f6d7fd7-c53d-495e-8568-c50e96c7a122,+1-471-881-2109x34962,Credit Card,completed
57d7cba7-1eeb-4305-8322-a5923f89ec8e,+1-306-439-1399x0241,Debit Card,pending
18ad0b1e-12ad-49f2-82b4-f6b05970f153,430.201.6846,Credit Card,pending
997e4481-e229-4217-8442-8c00b89b8b53,(478)499-4505x3755,PayPal,pending
84b0be99-00e5-4607-aa54-12f95f1dcdb0,(715)245-5797,Credit Card,pending
dfe2d902-1fb6-4a4d-ba6b-dba989fb8a2d,001-444-792-8305x920,PayPal,pending
3454381b-011b-4716-881d-d80693be949a,6745652741,Debit Card,pending
1860702a-d1e1-4787-bdcc-22a7c6600e06,(651)667-9355x205,Debit Card,completed
f5bb251f-db0b-46b0-848c-65aa5b9e9550,740-210-3364x501,Credit Card,completed
c61cc74d-2164-408b-898a-acb5e4e44d11,546.700.2470x30324,Debit Card,completed
04ece03c-e0b0-4ca2-ba08-dd28679ee8d3,+1-414-327-6631x4283,Credit Card,pending
3bd37a36-78b4-4665-a60e-491c763c40f8,395-909-7465x37184,Credit Card,pending
c66780f2-8a1e-4fca-870b-181b52cf63cd,654-866-2345,Debit Card,completed
bc4de080-826e-4788-ba5a-7da88b855264,6479059434,Credit Card,pending
aabd8e91-6eda-4525-b56d-06b0854061a9,+1-796-732-5288x2522,PayPal,completed
a40613f7-16d2-4d7a-859b-f8012de2ecb2,297-973-4529x39996,Credit Card,completed
98d53cdf-ccd5-46b3-b922-aa5f1bfd15e2,427.666.3085,Debit Card,completed
00d4c621-4a00-4647-94f9-74010986f748,261.214.4632x938,Debit Card,completed
2eea1c97-7afd-4b9d-b9ac-aebd9b709dfd,(917)860-7423x496,Debit Card,completed
92ff9371-ea5d-4ec7-9b4e-94a4ffbd7e49,+1-346-466-5916x539,Debit Card,pending
155520c0-7774-4203-bcd5-dc3c2466edcc,+1-734-606-1951x35902,Debit Card,pending
fc5e0698-68cd-4411-98a3-baf3e4d6c5b4,+1-719-442-3234x094,PayPal,pending
ab7ddbc5-6ee9-4081-aeb7-88fb3af82b26,(236)786-6541x93923,Debit Card,pending
4f605e9d-47ae-4819-b2c0-a58f467ad3ae,420.488.0369x815,PayPal,pending
00345807-1ad9-448f-85db-610cea1bdbb5,001-850-636-9986,PayPal,completed
d92b9388-af6c-48d8-a433-060dae45b934,001-900-692-3670,PayPal,completed
aac2eb8f-2b26-452f-ae67-7bc83c4d7166,+1-481-673-3179x278,PayPal,completed
438ce487-07e7-4a89-ba3d-2c8c04227f16,(952)841-0552,Debit Card,completed
e7db9e18-d543-4189-a7c0-6f559134e8a9,5534307505,Debit Card,pending
3ba80f45-b252-4f4f-867c-a0bd4aaf59ce,+1-202-206-0974x68612,Credit Card,pending
92dab93e-1d44-4cf0-b6a3-362e0d5c4259,+1-502-449-8103x4873,Credit Card,pending
06c0cac9-e3a2-4949-b2e1-2fd35a355a63,349-273-4755x2130,PayPal,completed
60fed19d-140c-4d0e-8d78-f3f7109990c6,626-632-8304,Debit Card,completed
e30e7b5a-4af8-45ce-bf1a-dcd6bf058355,(450)820-6135,PayPal,pending
0c5531d4-e01e-4880-98e7-62aa02780134,537-776-5371,Debit Card,pending
b260cb3c-d156-476b-b9be-3d4fd5ee21c2,(988)220-2115x93077,Debit Card,pending
e220489b-3d05-4a8e-b928-1850607bded5,+1-905-347-1744,Debit Card,pending
41a2032e-c7bf-4779-8052-ea23930310d9,567.660.4444x88870,PayPal,completed
33e8f9e0-3e82-4bef-a386-2a59a87d5b55,3472352864,Credit Card,completed
7a9f8cc8-5a8a-4a8e-8378-860a619c8317,(956)454-7442x7279,PayPal,pending
836842da-55bc-4849-99b8-28333ab20ba4,684-629-6812,Debit Card,completed
1fe47c23-24f4-4cb9-8aba-e91a1d2e4739,720-375-6574x039,PayPal,pending
5086d05c-98d4-46a2-aecf-90186a8429ba,(375)424-6903x34857,PayPal,pending
eac1047e-f00a-42f0-9aab-83b1fe5658e2,875.677.1636,Debit Card,completed
056cdca4-295f-4312-a3b2-4169ac6eb60f,(917)328-2167,Debit Card,pending
de9c94f7-9a77-463b-bd68-cedbe9fb5825,393-298-6581,PayPal,pending
30ea9c67-4c20-4afe-8627-42c443787fec,(524)916-7698x11642,Credit Card,completed
4912b08e-d89b-4705-9609-a9b1e651070f,(842)227-0512x475,Debit Card,pending
6eb5072a-3c71-4980-b317-1cb47b587a4c,823.267.3908x98150,Debit Card,pending
9260325a-acbb-4182-b952-eb1202095229,8492333690,PayPal,completed
e064cbb3-2672-4af4-805a-12b8d71fc50e,442-271-5009,Credit Card,pending
91a8c11c-36c5-4a5d-8d24-7b4699859c40,636.811.1888,PayPal,pending
1ca12937-3b68-4cc0-ab82-7bc304706138,001-861-422-2488x916,Credit Card,pending
81d59d6a-b8c2-409b-b69a-fef6eb75d999,(773)539-6356x8251,Credit Card,pending
b09ed6de-a4da-4653-8916-cc713173b0a3,001-597-275-3352x79950,PayPal,completed
8ea513c9-21de-4f8f-94b2-989c4977a9a5,909-790-6728,PayPal,pending
8fa1dd9a-d2cd-475d-8609-1e8eaa5e8906,9642319834,PayPal,pending
37157320-f42d-4465-87d4-1fd01d30a364,+1-563-295-3058x766,PayPal,completed
8784aaf0-0ffd-42a7-b97c-429e2877bba0,8668766069,PayPal,pending
cb903c46-384f-472d-8016-d21072e8c541,933.273.2212x335,Credit Card,pending
3e5aff8e-4091-4a33-8d6a-864dad71f15e,+1-845-725-2771x162,Credit Card,completed
b1e094f2-3886-4d97-b227-917a58f0cb67,340-821-4465x3294,PayPal,completed
bc3a23aa-3ae4-4c89-a5ae-a13c61a866b3,001-315-790-5382,Debit Card,completed
6137ecf8-a6c4-4d14-bf43-683f55037c99,(960)544-2070,Debit Card,pending
89016613-cb1f-456a-b5e7-9896ef66f516,834.498.8383x081,Credit Card,completed
137a013b-686a-4351-b163-e9726c0c167f,(499)850-8208x53130,PayPal,pending
622afd4b-90cb-4664-8163-94bd3f1a9c49,451-972-1410,Debit Card,pending
07fc8a1e-7a1f-4ec9-b51c-9191ecd7d909,(722)371-7468,Credit Card,completed
8046ca18-62bd-4535-81bb-bf0dc3713a9a,417-233-4196x172,Debit Card,pending
d0d7abf0-c1c2-4f23-8916-d15d5bdd0d55,001-546-333-7614x9104,Credit Card,completed
8b319197-3ce7-4ce7-8ccd-325a3c215fd1,364-315-6436x034,Debit Card,completed
dfb71ec8-0db1-4383-9d87-4dc8a86fd451,(919)221-1185x3590,Debit Card,completed
ed3a539e-70ea-41d5-9e50-b63e3274a6ee,001-436-486-1091x87232,PayPal,completed
51105095-b245-42be-a65b-783a32cca644,(925)723-0473x4553,Credit Card,completed
716a887b-e315-4a20-9c54-72a939bf1b12,427-231-9772x80666,PayPal,completed
a41e2ba4-0941-4e7b-9968-f885aa291f34,(614)997-1044x023,Credit Card,pending
77acbd6c-18b6-408c-82d9-8f847d06cf3c,438-964-5464x872,Credit Card,pending
ea276728-b431-44fb-9abb-5ad2a3af8106,602-880-3131x7465,PayPal,pending
8c754ac5-620d-4c72-a324-8401ce5f2e64,001-825-472-2038,Credit Card,pending
623fe2b0-4523-42d2-8678-4a293e0feaee,(269)273-1094,PayPal,completed
f4033a1f-1dff-420a-8ba5-90a47c702011,336.860.7807,PayPal,pending
b6524b21-4a94-4563-bc3c-482c22dc5f46,8357485893,Debit Card,completed
ee8d4f90-6047-4413-a367-aaa377cf1d4b,001-624-381-7594x1784,Debit Card,completed
994f6045-6344-4716-9ec4-790a37a421c7,001-410-830-1982x453,Credit Card,completed
7d01ec9b-ab07-4097-a51f-44bd3b2ed19e,+1-939-550-0527,Debit Card,pending
b1e24b38-98c0-498a-a7db-4b4e22237f19,(571)395-4051x87322,PayPal,completed
c2754525-3585-47fa-a969-620515459824,001-804-938-4607x899,Credit Card,completed
b5e8420e-ffcb-47b4-8abf-a58dd861d9df,+1-988-965-9196x11104,PayPal,completed
867cdcee-517c-4bc9-b2a0-6cd75c0bb320,+1-660-764-8233x615,Debit Card,pending
9835ecc8-76c3-49f1-a589-55bba2647fed,276-397-9672x6258,Credit Card,completed
b9eddd78-683f-46dd-9150-40180d07981c,305-740-8371x536,Credit Card,pending
8bd73181-8ee6-4217-a84f-5c785e270eaa,498-346-4823x88928,Credit Card,completed
a64e6e4d-202e-416f-bd25-184be7a736a0,001-733-534-0254x16308,PayPal,pending
57b0fbe8-ebb9-4959-8b29-743f0282d095,683-550-0704x554,Credit Card,pending
1803782f-2e72-4de3-bd22-2ca1d418631c,(649)310-3823x6118,Credit Card,completed
c47c4e49-8b45-4e1d-a753-241229411039,001-714-744-3758x16345,PayPal,completed
c78899f3-69af-4220-a612-ae7386c0535e,328-337-8401x5094,PayPal,pending
3d594022-e3c0-43b8-9135-f285de0dc550,(743)655-0702x834,PayPal,pending
6e76489a-61c7-4a38-86ff-50d9384dd91c,387-750-7786x7376,Credit Card,completed
bd2ed25c-ec93-4e22-8cac-c30ee099eb2b,+1-480-559-8295x878,Credit Card,pending
aaff32d2-6147-4556-87ba-5657c8f7943c,988-596-5209,PayPal,completed
a23382b9-4283-4c87-aa8e-2e1ff0e7ed15,819-868-9528x76674,Credit Card,pending
97112199-2137-4247-9c29-f7ba157d3096,320-847-3376,Credit Card,completed
de31f253-97cb-4795-82dc-83fe3f395b44,(833)407-3793x92721,Credit Card,pending
e5153a09-b24f-42b3-98e7-ff88f69fc116,(449)933-6964,Credit Card,pending
1d47d0ba-6d65-43a4-ac91-752063020901,313-762-8118,Debit Card,completed
9a10c20a-c3a1-43aa-9644-89d2a4e97f2a,655-967-5239x39247,Debit Card,completed
13fc310b-aa28-42da-b771-456f3cf71e73,(595)319-7303x98179,Credit Card,pending
d5e5d424-7948-4e2d-b716-0f98239a52f0,521.704.1292x3793,Debit Card,pending
b08a89e4-41dc-4f92-8d5f-d9c6bb1cfdeb,2314025968,Credit Card,pending
10e32f48-9bd6-481e-a2d5-92e1835755fe,797.454.5917x751,Debit Card,completed
049c8752-d11a-4962-ab90-4270f26573b9,+1-909-446-6899x834,Debit Card,completed
ecd1a03c-5ae9-48d2-a30f-e5ac89168084,(724)536-1988,Credit Card,pending
a5a06821-14b7-4116-bcbf-a0eef763cfe2,723-981-8153,Debit Card,pending
726e54af-f716-4294-ab80-bde0a3e19599,536-730-3394x816,Credit Card,completed
2a2ec688-4777-4ffb-aa67-d63ab1985d3d,001-838-446-1853x136,Debit Card,pending
11505a69-2d39-4acd-91d8-1ef69d728d15,001-884-953-2154x5074,Debit Card,completed
e5a4e5a8-0fdd-4d1a-810d-91a49ea5faeb,+1-649-285-3870,PayPal,pending
9e3c47c5-e1b0-4e57-855a-15fdca2a7358,948.845.3237x44384,Credit Card,pending
c4bad437-fdfc-4dc2-8792-bbaf84c3ac9d,320.468.5276,PayPal,completed
adf03920-669d-4f4f-89f6-7e65c1dfb563,+1-371-242-1099x7081,Credit Card,pending
3fa8ea6f-5345-4fea-a083-34f468e0f60a,(891)669-7131x1070,Debit Card,completed
1c259bdc-0dc7-4883-9691-e2decb61822f,608-367-5668x16244,Credit Card,pending
a8d887f1-bfaa-43ad-98cc-3c89b5dcfa9a,889.678.8398,PayPal,completed
1d4c0229-862b-4157-a525-9d0a16615ca7,7333585175,Credit Card,completed
1169f725-6b09-4e19-8859-7cf53656ee9e,744.722.6742,PayPal,pending
2857a8be-0feb-4ef9-9069-83184e3f1600,7586300736,Credit Card,pending
1a66fcd7-07bc-4a04-aeba-df1a1fd9f8ea,9447800416,Debit Card,pending
5489aae2-3aa1-45a8-87ad-6378dcc16b1f,001-202-584-7132x8341,Credit Card,pending
86ea2c98-f0d4-45af-828e-4d93773902d6,(693)346-9069x6412,Debit Card,pending
7aadec5c-95d0-45c6-9e0c-6a4afd248222,663.708.8505x671,Credit Card,completed
c5034c3f-c88f-4f28-af5b-2fd8086288a4,(652)267-9793x216,PayPal,pending
8aad76bd-3679-46ab-9ac5-463c57ae0a90,+1-966-752-9854x29491,PayPal,pending
62cf3ba5-9c73-43c5-8f85-3abe76bb03c7,847-831-2268,PayPal,completed
a09072a1-f47f-4400-bf78-b2e66d1e8e10,+1-793-469-2889,Credit Card,pending
ba80f680-5d3b-4327-9ad9-b3e5b7dc25f9,6257383643,PayPal,pending
49cd78a7-bb2e-425f-a67a-dc2b40bfff7c,001-312-931-1970x37992,Credit Card,completed
3b5ec143-13a0-48ca-954a-1d4a8127023b,(992)454-6000x70863,Debit Card,completed
b7f82208-4505-4505-8af9-4955989c45e0,722-532-1684x9365,Debit Card,completed
6e3a594c-2451-4381-893b-cff916e4c70f,2153694412,Debit Card,pending
c36b523d-fe02-45d5-8c15-8bcfdea23e30,869-850-5537x551,Debit Card,pending
26bf60b5-cf29-42c8-9218-3ef994ce32c3,424-605-6993,Debit Card,pending
311911c6-6ba9-4c70-8fda-69bd9e8f6c8f,+1-771-490-9324x8416,PayPal,completed
425d036e-0a3c-4cd0-8ffa-57d8025acd22,(912)818-3462x99068,Credit Card,pending
e273baa7-217e-4360-beea-9aa7bdebb7b7,578.367.9564,Debit Card,completed
5d583e28-ba05-43de-8e1a-9587a0db5c67,+1-267-600-7565x2157,PayPal,completed
ede2554f-e412-4102-a887-5925726cda22,(427)252-4775,Debit Card,completed
c2f96054-f536-4ea3-ae7a-f45e4a5755aa,(603)660-2419,Credit Card,completed
9489de37-e1ff-4477-b465-a26c90c91244,313-895-3312x8885,Debit Card,pending
83ed0b81-ef36-4da7-b902-01139d8c03de,9722475861,Credit Card,pending
582c886f-a890-42d5-adbe-020aabe52baf,+1-701-853-0657,PayPal,completed
5faa7024-eff8-483c-8cd9-6fb99dd3d9f1,9896425328,Debit Card,pending
c32e292b-ebba-48c0-a675-a1ccb5faf4be,(946)342-8925,Debit Card,completed
3c780f69-7b48-419c-ab9b-6242ad875c81,392.845.1992x937,PayPal,completed
62c6a0aa-98ae-460c-90f5-c4defa1e290c,(533)978-6207,PayPal,pending
3ab3e083-d06b-4674-894f-3af4b88d595a,001-420-443-9172,Debit Card,pending
14fce714-a507-471b-914e-8d164f2d34ea,001-205-325-5986x53149,Credit Card,pending
3188f0f4-4664-40bf-a661-89d841d251f4,349-219-1888x2595,Credit Card,pending
aececef3-9452-48af-9c4d-8ccf67ed7ce1,(476)290-0729,Debit Card,completed
d8cc0e34-4e88-40e9-ab89-9a2f64c4d57f,(852)272-2351x43269,Credit Card,completed
bf6bc8b9-d4fc-4947-ab8c-c25fb3b0d4c3,241.348.1225,Debit Card,pending
3d1ba566-b3bc-4957-9ec7-9153ee180efd,001-827-425-9775x795,Debit Card,completed
6e36ffdf-2f42-4516-9418-344b0d71ff4e,(976)804-8712,PayPal,completed
aba764d3-1924-40fe-b104-c42803bc680a,254.680.0070x40910,Credit Card,completed
1678ddab-9a7e-42cc-821f-dd3137239dc5,351.375.8419x25778,PayPal,pending
2f201581-c63b-420a-a1f7-60be8953c85b,365.590.3360x50107,Credit Card,completed
9dc28170-d075-43e2-b411-8d58ab0dd99f,473-324-1205x433,Debit Card,pending
896ed392-dd11-4a3e-8e1a-b822ff9b0278,229-559-9850x0285,Credit Card,completed
4e997e06-9f6d-4bf5-8c2b-7daeb8092e14,370.748.7000,PayPal,completed
70c64ead-8a7a-464b-88bc-672efb07e0f2,001-766-805-1438x5656,PayPal,pending
88fef3a8-eb93-4797-bb6e-e74bbb82c56f,272.737.7070x8011,Credit Card,pending
9d9fcf29-9ea0-4082-885f-3fd65733cf64,639.773.1803x56158,Credit Card,completed
e1e9156a-b3ca-400a-af1c-0733032d30ef,541-203-6609,Credit Card,pending
f97dc885-eb31-46e1-b88b-a278e76162ce,420-797-9480x045,PayPal,pending
3041828a-6eb2-4126-9f52-a397d32419bb,899.642.6959x0270,Credit Card,completed
266575d4-103e-4658-969a-6da741e40c7f,483-788-1974x319,Credit Card,completed
22be3513-9e31-44de-955f-4653f96dc9c2,+1-577-465-7135x98617,Debit Card,pending
79c7782e-ccf6-4227-8a19-0577c8ba1ceb,+1-658-807-3878x407,PayPal,completed
6af841ad-0efa-418d-9175-850cb2133caa,645.523.8896x254,Debit Card,completed
9290676d-5d03-4d4f-a7eb-2f2aac81ef52,(321)410-2091x78020,Debit Card,completed
5aa24a4f-3a99-4e9d-b2fd-57abf7ea4a38,001-406-471-6917,Credit Card,pending
d660873e-b05a-464c-b961-3e22e3d808cd,9528018258,PayPal,pending
97a4df25-6b0a-4ac6-af41-f285db809525,(604)625-0371x6484,PayPal,pending
c1646719-2de3-4fd8-9a8d-b418e99b52a6,(455)950-9356,Credit Card,pending
ffbe7f82-8ac9-4015-a4a0-c29929109895,001-275-597-3432,Debit Card,completed
39452d62-ec84-4b86-8fa3-1679ea63ef51,6235556099,Credit Card,pending
f3b69cf8-ce6a-4b01-a7c8-6349f8bceadd,+1-414-541-4231x4951,Debit Card,completed
1b00c7ff-885c-4de8-a4ef-85e71d840186,001-936-779-2471x4175,PayPal,pending
07bd1931-0ea4-43d3-883b-1596906ea3ea,204.918.0948,Credit Card,completed
3d9bada8-8ab2-4859-b564-cab9c09bd749,001-200-210-8623x1626,Credit Card,completed
53b9890f-bf92-433e-be2b-b3a7557dcc3b,914.714.1030,PayPal,pending
ac6afc64-f2ae-46cb-81ed-4b09aed04bcc,201-282-1271x78720,PayPal,completed
d0d0c26d-de9f-4207-afbb-80f5332bed38,(323)985-8369,PayPal,pending
014e0bdd-2164-4bd4-82fd-cae6e15f3ca7,001-634-587-7158,Credit Card,completed
26e84a4c-c8f6-4c6d-9a34-f2c491bda57c,7086447968,PayPal,completed
ba8aa827-755f-44b0-8a2e-173d549f6d4b,+1-217-464-6175x570,Debit Card,completed
070a430e-7584-4547-bcb7-2f51250cd4db,400.777.8507x9346,Credit Card,completed
b6dd4e28-62a7-4c0f-9cd7-b342a3fb4e8d,6042347711,PayPal,pending
d86c1639-ade8-4165-84be-86e5a7763ac9,001-912-210-4065x68403,Debit Card,completed
b472b6f8-b04b-4f22-a030-f6bb47d0d3f4,001-275-581-8196x4751,Credit Card,pending
73acf56b-9b1d-41d9-b4cc-51303966d095,9585792289,PayPal,completed
5f34f258-2203-4b4e-b7cb-9a248a11db2c,+1-359-526-8179x358,PayPal,completed
310f9654-cb7c-4c53-a93d-ae2bfb8166c4,+1-893-929-8385x82190,Credit Card,pending
60bd7260-1c37-424a-9653-2788068746e2,+1-623-698-4999x2347,Credit Card,pending
1a66e219-bea7-4424-85ee-6ede4fdb291e,(879)510-5462x16754,PayPal,pending
b65c0907-f42f-4ee8-ab9d-bbc9d036dbb7,970-927-3948,PayPal,pending
98779ac6-1300-466a-95e6-1e22d06880bb,+1-722-787-6980x01490,PayPal,completed
634f7d66-5146-42b3-a51c-fd1ecd9eaaea,+1-320-613-3684,PayPal,completed
b8d3d6bf-1a6f-455e-b7b3-ea82d4e87e4f,(883)646-7185x2645,PayPal,completed
677ddb28-4027-4cbf-ba69-94605b723eb1,242.947.4312x5153,Debit Card,completed
7bc41283-dbfe-48b4-931f-bda079d37bc7,001-289-311-1663,Credit Card,pending
73ff105c-7ff8-4e8d-9930-edafaf7caa77,248.353.0546,PayPal,completed
1a0726ea-cbe1-4c92-96fe-da875cbbade4,8692886396,Debit Card,completed
8317261a-ed9b-465e-af8d-539822008c8d,(691)314-7688x845,Credit Card,pending
e052f597-f197-494b-9168-8c14c9b1d79d,(399)432-9293x8729,Credit Card,pending
9e4b0897-7b8c-4427-936d-fdad5b7ce4df,838.278.5980x5103,Credit Card,pending
1db6c016-5a11-450a-9046-3016ea0f9d0f,+1-478-592-9091x161,Credit Card,completed
af3270b9-8552-4703-b7f3-5adb96d35464,896.703.5846,Debit Card,pending
8a7ee08b-65ef-4af5-9946-d6c16171c324,633-490-5821x62526,PayPal,pending
8e585b39-3e42-4555-8405-de505f939335,(386)930-8810x78654,Debit Card,pending
282b5854-c77b-4f17-b34a-c3ef10f570cf,534.366.5007,Credit Card,completed
d857e858-cde6-4e5e-b225-fa6fef100dc3,206-536-6697x7170,Debit Card,completed
2ad1d23b-0e40-4cc3-9cb9-026463b54d8d,(240)353-9482,PayPal,pending
162368a6-6018-446b-997a-dada9283a81e,227-221-3353x377,Credit Card,pending
7d31a595-8304-46db-9a38-ea4f08e344cf,754-469-7312x849,Credit Card,completed
c38256ea-4299-4eb0-a661-4f7b77fc3ed5,956.338.1142,Credit Card,pending
deff689d-7ff8-4c86-bc84-794a2c1095b2,001-916-790-3265x97637,PayPal,pending
85b28ba1-a108-44f0-ab4a-ae1d8f08e63e,(362)203-6835,Debit Card,completed
375a0950-7943-4277-a28e-f226d1622bb0,(465)463-5599x6101,PayPal,completed
c342ece5-c107-4340-bcc6-7d453fa18616,(768)925-8016,PayPal,completed
fad5c6ad-d3d9-4440-940f-59e3780b7b76,863.599.0256x81771,PayPal,completed
8565e3af-7055-4f93-95c4-918ad3577552,393-970-6410x01741,Credit Card,completed
95dee7fc-b9d2-458d-b6f1-21d456e11ce2,2215656938,Debit Card,completed
827a01df-0d6b-4af1-b758-de9452cab626,723-213-9476x9167,Credit Card,pending
0b571005-98e4-415f-b714-8fb2d65ea42d,+1-229-753-4279x8191,Debit Card,pending
2222e3ef-e0ba-4083-bd49-976d823096fd,682-404-8181x8743,Debit Card,completed
aabf8c36-61d4-4354-a2d1-560affb8745d,232-983-4953x9903,Debit Card,completed
6ba21257-1a1d-4919-a18e-a4b9bf600c72,382.252.1665x77107,Debit Card,completed
284d94a2-0a0f-47fc-acba-65ce9d918a1a,(584)726-9686x390,Debit Card,completed
bf0873f4-ccfc-4608-ab2a-bd8b344c1cf9,617-986-8085x3736,PayPal,completed
dd61c622-fea0-4fe7-b9d6-5ca010fb6f70,001-511-456-5782x051,Credit Card,completed
0f1abcfc-766b-46ef-ad6e-05aad951ed0b,432.797.5433x9016,Debit Card,pending
f492941d-2d27-4982-b71c-4e729a06ad57,3084085763,Debit Card,completed
67459a75-9522-4cd2-9e8c-79acde1ec482,001-475-992-8888x140,PayPal,pending
672cf0d2-d5a9-4273-848a-a575e7cdfbe9,320-773-6898,Credit Card,completed
71f1d0b3-17ca-4524-9b85-13d50ad3c536,311.816.3850x08890,Debit Card,pending
ebf8781d-9498-4f94-a3f2-99ee42987a9b,001-767-751-3556x5120,Credit Card,pending
728965cf-d266-4843-893b-a1adf757b05e,334.329.7215x8655,Credit Card,completed
4739bc62-caf3-4523-b900-7372c3afeecf,217.953.9659x2128,PayPal,completed
345acff4-b58f-4b86-ae12-8973b65027fa,508-649-0887,Debit Card,pending
b5061759-a416-4f2b-a683-6d89467c4cec,669.562.6660x861,Credit Card,pending
8f746752-bb2d-40af-810c-481e360d3c51,(846)361-3468x58962,PayPal,completed
7917bca8-1364-494d-a7c7-64a1907f1c23,001-522-890-1677x410,PayPal,completed
453b86e6-01ba-45dd-bb88-d3b8b58e2329,(324)483-2164,Debit Card,pending
489ab07e-e5c3-4443-b1c7-a812639254c1,001-497-567-0280x043,PayPal,completed
72488bf2-e474-4dc1-8edb-69caf299e683,001-691-904-5276x871,PayPal,pending
319fd463-d4d7-4b13-b428-5ddcae4b3ec8,631-217-4618,PayPal,completed
ef8927a9-b146-4d62-8505-9e3a0be62e6d,529-703-4825,Debit Card,pending
10fe6a90-743c-4318-84d9-60ada00c42e2,561-862-1530,PayPal,pending
cb41cb71-eff6-4053-8938-02d04ee8b7ac,001-239-570-1685x06659,Credit Card,completed
725d9d75-4b58-4131-b922-c03d271ef9bd,+1-257-424-5614,Debit Card,completed
451ba6e5-aa6a-4db5-94a2-e401ef86ad2e,3376283895,PayPal,completed
6053b6b1-8091-4c47-9ab1-002c253fa5ac,203.714.5157x321,Debit Card,completed
010f3849-f40c-481e-a00b-2b8b83f6bd49,(718)609-7497x87011,Credit Card,pending
30ee64dc-a1d4-4f63-af48-41f3549139e2,+1-259-541-3666,Credit Card,completed
ad222114-c3bd-49a4-9e2b-e38e372267cd,4147766762,PayPal,completed
bfe8b8bf-369a-4b0c-ba0f-556ca9c4160c,+1-416-270-5511x04818,Credit Card,completed
14b8c658-0a59-4b47-ad95-894828d825ea,669.516.0275,PayPal,pending
bc1499f5-1408-4408-9ea8-6c4c1f2b0122,764.738.5616x99940,Credit Card,completed
0e65a433-8972-4693-860a-a161f4473d5e,+1-763-788-8740x0871,Debit Card,pending
a4bf082c-3a36-40f1-8f23-07e67e515495,924.389.1204x7053,PayPal,completed
d420b722-774c-4675-bda7-679d62de4b90,408.344.3044x6094,Debit Card,pending
392a5ae5-47c4-4c40-954a-b0c9e4712b07,(658)887-0553x37489,Credit Card,pending
5141f08e-737a-40d1-80d7-11c535c5549c,867.715.1564,PayPal,completed
0b2debc9-a246-4187-9007-02c76be1c2f3,609-436-5619x41135,Debit Card,pending
84a17651-7445-43df-bbea-962dfe60b5dc,9669590771,Debit Card,pending
362a9eaa-2df6-44e3-a290-dcbed57f45ce,742.994.5436,Debit Card,pending
f0cd3a47-c40b-478f-8baf-69280592a06e,001-208-872-0515x681,Credit Card,pending
6d541568-919a-440e-8727-17288fa8edaa,+1-700-958-7176x58883,Credit Card,completed
4b56eb31-4206-454c-8d6f-724b4172e946,9933090165,Credit Card,completed
2fc14b66-cbef-433c-802d-58fee7596ca5,448-241-4734x08470,Debit Card,completed
e74f4799-69c0-4947-94fa-5279ad76bf56,+1-382-548-5919x7772,Credit Card,pending
0546096d-76ec-49b9-bc23-e5fae0c910f7,001-402-368-7967,Debit Card,completed
d3c1d095-57f7-49af-a5be-ecf1580bcda1,751.437.8838,Debit Card,completed
fcff8dad-5b61-4475-aa95-87542cc2881b,+1-364-381-8739,Debit Card,pending
6f1ae9ff-3f8a-486b-a81f-757e2608080b,(614)680-2235,Debit Card,completed
aff8e4a6-24b7-432b-9fe6-1e7107c91fdd,231-822-2678x51003,Credit Card,completed
fc7c0c82-8fd6-45c7-9555-5292c4654537,649.853.0587x642,PayPal,completed
c6982d99-17fb-4a4c-a922-46e39b7a6b89,(666)645-5252,Credit Card,completed
cb870a86-77d3-4b31-94f3-e5fcaf55e64a,426-489-8854,Credit Card,completed
843cce76-b0ac-4dad-b53f-eb04a8208445,(889)466-8481,PayPal,completed
307d726a-313f-4dea-9c3b-ea0c37d33519,370-910-4867,PayPal,pending
6ef54b28-696d-45f4-8038-10800c944e95,001-964-818-2522,PayPal,completed
80778f19-3996-4560-87f7-ac2bd2d8a30b,817-994-4409x5154,PayPal,pending
01067320-23fb-44e4-9eef-f79e376818fd,(481)801-5184x97346,Credit Card,completed
206511c8-5339-4ddf-894c-2c0777661a4d,+1-469-321-3035x866,Credit Card,pending
5f7a4270-8e8b-4948-934b-95f81285c00c,(928)593-8729,Credit Card,completed
b6a35fc5-877c-419d-b285-5fdbcc45fb84,001-865-743-2427x64851,PayPal,completed
e28e41fc-28e9-4c10-bc3d-e1ba3edb136b,880.862.8598,Debit Card,pending
2cc10d7b-df53-4794-9b8b-f2e35fd59aeb,7357130320,Debit Card,completed
be722181-9585-42ba-88d6-e541c1512ad4,393.938.1684,Credit Card,pending
f9446ec4-de62-4335-9795-7e3b330f4935,922-586-5192x577,Debit Card,pending
c02ebdd3-1408-4854-953e-91dc5202f4eb,(508)362-0770,Debit Card,pending
acd63fa3-4801-458b-a518-572bca0865be,522-656-4223x9436,Credit Card,completed
24b567fc-e580-4125-a611-2bbd1ed7c9b3,(845)796-1884,Credit Card,completed
d9d268b7-7d34-4991-af7a-2f2c7f16da30,8112640333,Credit Card,pending
83663739-b2b8-458e-9637-3d0b2c41a1cf,548.774.1304,PayPal,pending
4f158893-ea02-49b8-a68d-af099556a177,471.206.8072x6226,PayPal,completed
83301755-bd3e-46ec-a5da-b6b23bc9d75b,856-470-8241x87939,Debit Card,pending
04934561-4b99-43c9-a41e-6539f215cd69,4494081880,Debit Card,completed
b3afa7d1-cc91-4fbf-afa7-56661d7d04db,365.503.0325x656,PayPal,pending
8037a739-ecf7-4351-9a38-92f1b24494fa,512.940.9186x2588,Credit Card,pending
da38469c-1b05-465d-900b-6216e61f6338,552.612.9128,Credit Card,pending
08a4cff0-5e5d-43ab-a997-48b6a6308ed6,394.340.4392x445,Debit Card,completed
98f0544b-cb41-4024-bf85-93282789dd3f,+1-719-249-3969x35775,Debit Card,completed
10841fbd-e87d-41a8-ad98-ff2a328650a0,001-631-703-8259x9440,Debit Card,completed
e8bc2c3f-cd44-4ead-b6c5-4514e6305d3c,001-556-968-1167x17001,Credit Card,completed
bd517f66-3d2f-4c19-a898-254102e54434,(462)682-1289,PayPal,completed
0c71a0d6-9264-4867-a131-62d5c42d02e5,+1-323-299-1716x79215,Debit Card,completed
b743b05d-cf64-45c2-955f-843b5fa0b7a1,757-446-0715x2303,Debit Card,pending
517d6870-331b-434a-957b-43306ef0fa1f,867.519.3846x943,Debit Card,completed
3ddaa585-c5a8-4457-9e3c-32e29d0f1351,365-336-5473,Credit Card,completed
3781d4b6-4f3d-4146-ac83-b46e6c8c18a2,394.742.3788x0172,PayPal,pending
84e17300-c030-4582-8bc6-434859cb6f48,411-219-4302x0144,Debit Card,pending
94925229-cb52-452b-ba91-cae9b1da7878,771.680.8297,Debit Card,completed
be922e5b-9196-4cd5-b379-e7cab278a7ff,858.550.8660x74781,Credit Card,pending
5c3dd080-3dbf-40f9-be98-4d0879ad1be2,(796)986-7966x81399,Debit Card,pending
ab65af4f-ebfc-4b67-80ef-a2ca6677b14a,4765011990,PayPal,completed
80e9f1db-b06e-46ab-8373-7d8b7f712d9d,327-435-5640,PayPal,pending
d3a2c9ec-97e7-4b2b-908e-9507ead2ae50,6769161090,PayPal,pending
1cd8f610-5cbf-4e51-a1c3-f2bfb6d0b371,632.581.4332x94235,Debit Card,pending
38762e63-1780-48a9-884c-0fb9150267d4,451-775-5488,Debit Card,completed
98eb3fc5-ec4d-448a-a572-c348b1362294,523.643.1754,PayPal,pending
86e72bdf-e978-4985-b4e9-496b07f430a5,507-624-5200x701,PayPal,pending
9814525f-1452-4372-913e-23f617b7abf9,(382)383-3902,Credit Card,pending
8b932416-cf51-4508-91e5-ed9623f0f0e9,(840)661-3182x8126,Credit Card,completed
f4ab7527-3857-4c2c-84e1-3c527a1bc79a,001-221-216-0982,Debit Card,completed
6ad7786e-4771-42a6-b4b7-42e78a6b6255,001-261-442-6003x6481,Credit Card,pending
4fda6ca6-76bc-42ee-821b-01d0f05e747a,(660)660-7686,Credit Card,pending
63ae3d29-c395-49e8-a28a-6c2db5650e48,6865966825,Credit Card,pending
19aaa0e0-e7a3-42b6-9cc3-80cd473b0194,001-771-940-4114x47773,Debit Card,pending
8bdb0c26-3d03-4a06-a1d1-9925a373b7c5,5496150402,Credit Card,completed
889228af-075c-4e81-ab3c-0b612f1f1d24,001-804-368-3945x384,PayPal,completed
1ea62137-ec2e-4134-ab36-2ae48f11ecf1,001-745-266-9162x30270,Debit Card,pending
72e3fbde-e96d-41b4-90ea-6505fed7d2c2,596-421-6167,Credit Card,pending
04b285b5-b6a7-44ff-af7e-7ac22d656ba4,+1-602-530-8663,PayPal,pending
22368092-c1e2-4ed1-b782-c2c8c81dd39d,778.203.4582,Debit Card,completed
f8e625ee-cd6a-43d3-868b-19957e2d9ba4,+1-964-624-8725x734,Debit Card,pending
d71c1166-b713-4f80-8151-891ba4ea0c5d,001-227-249-4611x987,Credit Card,completed
aa4d802c-ab07-42a4-a491-ee54d6dd2621,281-941-4887x5282,Debit Card,completed
2d068b69-3269-4a7d-a569-de944efb16e3,+1-566-841-3393,Debit Card,completed
1f348c22-7906-41e7-a3f5-bb8ed6c2a33d,859-923-0225,Credit Card,completed
ca61633c-d428-40ed-a0fa-b7c08addcdc9,(299)275-4818,Debit Card,pending
c9018cfe-eb9a-43f8-affd-7ffab34ff1a4,(321)940-3819x1917,PayPal,completed
bf552060-2c2c-4ba1-af1e-c0a34e7d12d3,001-654-554-0459x4764,PayPal,completed
47de28cd-bda6-4e50-b5b9-9897dbfd5d09,698.494.1091x53383,Credit Card,completed
86791fa0-fe53-4420-99b3-52b5bdaec7cf,001-396-824-0071x703,PayPal,completed
359d2088-0dcd-4371-b4e2-d4cf45ee71b1,7484779485,Credit Card,pending
47a3a2fc-dd27-4c26-afe5-2eaf19577762,947-592-8094,PayPal,pending
571a3ccc-b3f1-4bd9-a908-f34d5c72b4c1,878.356.2153,PayPal,completed
2b7da1b4-a7cf-4247-9d3e-5de7edfbd212,+1-260-476-8435,Debit Card,completed
bce2cc5a-a463-41c9-80c6-9386a03c16a9,395-770-9772x0001,Credit Card,completed
0ae65a28-82d7-476a-bf82-f98832d748c4,+1-402-373-6566,Credit Card,completed
16237c03-dd42-4132-93cc-4a6c7c6a72e5,001-661-408-6703x243,PayPal,completed
82f5067d-a049-4f57-ba0d-8f88b2665f11,001-373-957-1345,Debit Card,pending
f1199589-fcaa-4c88-80a1-2f8f130a233d,465.248.3994x85979,Debit Card,pending
b5da015a-269e-41c3-9eb5-ac9b372651e3,+1-378-963-0242x8461,Debit Card,completed
ad74aed7-4bd9-4fd5-b325-ce1fa2986156,(407)809-2922,Credit Card,pending
50710318-f018-4fb1-b998-49e103f5580f,(793)492-9530,Debit Card,pending
e7df0774-ae4d-4321-9550-815c2e6a85d4,(752)336-0706x0024,Debit Card,completed
6069d9d5-8ec1-429f-945f-d2136ddfd221,(298)767-9602,Debit Card,completed
1a90fba1-a362-4f9d-9e15-d01117735edf,5938677810,PayPal,pending
611bcc6f-1553-44b7-b487-f751dff6e61d,(413)312-3846x07790,Debit Card,completed
37128bcb-c9a4-47f2-bd0e-1dde155270f1,+1-209-432-3822x502,PayPal,completed
c4d55671-3dfa-4e2d-90b7-dbb00380348f,+1-826-569-9567,Debit Card,completed
611fc62a-800c-4cca-b432-fd698bbb64fa,897-994-5067,Debit Card,completed
faa5d6d5-0a9e-4fb7-a246-2ae7c740052d,001-417-710-9553x245,Debit Card,pending
6cf28048-4550-4f86-bd20-fac37025e50d,205.359.2875x841,Debit Card,pending
b090c23c-c05e-4516-8efc-c9ab0b9c5b90,(712)285-1711x1939,Credit Card,completed
f06a504d-d7f6-4e74-b821-2eea9f1e3db7,(734)476-3298,Debit Card,completed
21e52b25-0fdd-4dc8-8211-fee09835463d,862-861-7309x8673,Debit Card,pending
6ba4f0b0-de62-4a10-88a1-3fec227d56ce,(392)379-6223,Credit Card,completed
9279a268-1b81-421b-920f-2802202f8d4b,001-703-788-7874x93384,Credit Card,pending
f0c8cb40-e948-4bb4-9779-1231037a4526,882.865.2970,Debit Card,pending
6e66cb7f-b2c8-4f05-b5c8-951d4b73ed63,001-215-244-2444x26893,PayPal,pending
fa6acc4c-f977-4e7b-9214-0a25cbb73c70,001-754-778-4764x92028,Credit Card,completed
5f0fdd7b-4f92-4bd4-a750-5c538e627184,683.418.1735,PayPal,pending
b08b0f63-ae27-4563-bdf2-a1e16128be64,+1-585-580-5926x4136,Debit Card,pending
66fa8707-1b84-441a-b7d2-4e96b129abd4,001-796-580-7279x3148,Credit Card,pending
da572e0b-343c-41db-8935-74f3646bd045,001-685-244-4370x448,Credit Card,completed
9fd98fe0-9c0b-4967-81c2-a51051197ac5,+1-604-301-6976,Credit Card,pending
c2224f16-d05c-43f5-9568-f70b22c0a5cd,001-656-421-9892,Credit Card,pending
b89c931c-9611-487d-aada-7e764cf82cf1,631.644.4712x914,Debit Card,pending
8f1fd17c-fc88-4790-8cf5-ff7a96a4cba4,745-612-6401x5767,PayPal,pending
cb995618-592e-4efc-bcef-a8b662ba0058,001-650-688-8034x9850,PayPal,pending
6c45fac5-e90b-4b2a-821d-f3baf2a6044e,(804)266-0762,PayPal,completed
88c8756c-3970-494d-98bf-06e162d994d7,378.399.8855x3040,PayPal,completed
5b1e3f1c-50ff-450d-933a-3767d3a3befd,(971)291-2996,Debit Card,completed
d9a5b396-92d3-4dd8-bbe8-6b01980a9514,299.895.0266x890,Debit Card,completed
e76a4f2c-291c-4c59-89f1-3366bde1293c,(991)690-4620x91884,Credit Card,completed
9d72272d-9391-46ae-abf3-71a7012579aa,(325)506-9034x177,Debit Card,pending
aabf9ffd-1756-46af-84f7-c0a114daea6c,+1-580-660-7986x640,Credit Card,completed
87b0fcff-2379-4902-89c5-7df8a12424e1,(214)371-2132,Credit Card,completed
52165389-5635-4876-8428-5704074e8edc,(760)278-5684x01875,Debit Card,completed
f8174eb7-480e-48b8-b204-50e96a9ba217,419-501-5234,Credit Card,pending
7f78cf3c-99d9-4667-a437-46ff66068e6b,7668892821,Debit Card,completed
d96b6849-3fb6-47b3-b095-2652b7f59c36,001-932-351-0431x797,PayPal,pending
2803e6ff-60d2-45c4-abdc-2c9bdef39de5,(405)826-6221,Debit Card,completed
2b03459b-b7bb-4b3a-8873-b1f2550c1f66,902.564.9583x2370,Credit Card,completed
e7b99ffe-c6c0-457d-9806-3f74f3131113,749-957-8731x768,Credit Card,pending
f6fbc1b3-a514-457b-a9b7-c69b18210f0c,+1-299-573-9506x89050,Debit Card,pending
28ece7b8-aa3a-4076-ab0b-4691675fe599,+1-563-499-8810x44096,Credit Card,pending
8e53f826-abc8-4e4e-831d-c41068e4fec3,5525939367,PayPal,completed
b71ae399-f2c6-454a-a1c6-d0c6255e3faa,+1-399-239-5814x471,PayPal,completed
3b874647-bbc1-4d7c-aac5-5e1f898ad968,752-707-3492,PayPal,completed
738857a8-e31a-4234-a170-f74e6a72fdbe,273.647.2401x94266,Credit Card,pending
5740b363-dc68-4a6d-be5a-df6675527587,646.984.2178,PayPal,pending
4c41485a-e1fa-4676-b169-bd75ca5ad209,7923545636,Debit Card,completed
a651dfec-11cc-444a-bb7f-4f39628ccbbb,(601)575-2020x7725,Credit Card,completed
c47e6b70-149a-4212-936b-d59e5458d394,631.818.8040x52729,Credit Card,completed
2110425b-765c-4034-8c45-dd79103e533e,(317)662-7366,Debit Card,pending
b16debcb-9504-44ad-89f4-f27e634b05c6,(514)730-0096,Debit Card,completed
fc259003-4f84-49ef-ba85-abf6bf80a629,5386806413,Debit Card,completed
5698d3ed-1554-42c8-87e3-da295e13b1ff,(263)738-4316x231,Credit Card,pending
e6ede85f-d22f-4b8c-8b20-aa9c0a817c3f,(495)274-0933x90016,Credit Card,pending
38cfce04-7439-419e-ae49-02382a83f756,225-571-2628x854,PayPal,pending
cd9800a5-2ce9-41d0-8454-64fd4dc292c3,521-549-4319x96160,Debit Card,completed
c28b4cba-f999-4327-85cb-6950fb9592aa,+1-741-721-4961x569,Debit Card,completed
f08b41d1-9a1c-4b5c-bf38-079a3f6f2bb0,001-886-704-9511x10063,PayPal,completed
67afce02-0133-4daa-b5b0-4ca5d7714962,832.408.3022,Debit Card,pending
3d8d53d7-1635-4522-8595-82a0c2ff0981,465-469-5991x07673,Debit Card,completed
1e5669c0-c0a5-45e5-9d22-15fade33ef29,(918)227-8350x69737,PayPal,completed
6e2ed60a-93bc-4074-aa9f-f35fa3150041,(340)424-7023x2632,Credit Card,completed
fa7bda37-bca5-489a-9e66-fc1f7ce2001c,317.769.6891x285,Debit Card,completed
3f0357cc-dd7b-4f29-8882-e61d248605ce,(763)365-0705x341,Debit Card,completed
1e0eb208-07ab-4085-aa27-d0053d510015,966.601.1933x92092,Debit Card,completed
712c1d62-876f-4a0e-92c6-b3b4598771f7,001-327-209-0979,Credit Card,pending
6b2cd0d1-f3bb-4655-8328-5452dd4af131,821-697-6224,Credit Card,completed
cc6df5ee-fda2-445b-aaf8-39c04778077b,(405)984-9715x202,Credit Card,pending
3fbedd85-2cf7-4538-837e-6f652af35ea7,+1-821-886-5883,Credit Card,pending
ee4d33bf-a5a0-4f95-b4af-2bfbfe6f486d,601-685-6184,Credit Card,completed
28268859-1fd1-4bce-a8f2-193b186f4d6d,4365728986,PayPal,pending
489c2793-347b-4b02-9718-37e07e57f3ef,612.248.5181x12254,PayPal,pending
8ecd57f0-36b2-4c51-88a0-04765ecdb7ac,+1-401-420-9823x325,PayPal,completed
12b78d87-af01-4827-bcd0-7772e4f970e2,662-380-1865x40530,Credit Card,pending
6adac7f7-2ead-410c-9298-8d6b4ff33fa5,227-931-1886x22167,Credit Card,completed
0f94d5b8-38b8-4174-9100-a987cd81d9e0,478-341-7482x4416,Credit Card,completed
cdaafbb2-565a-4ae3-85e8-36c115d38d57,+1-956-612-2538x329,Debit Card,completed
be21937c-eefe-45af-819e-b7e2dde99698,+1-769-582-6253,Credit Card,pending
d8deeb1b-edea-4b86-bc30-a6e292b9106b,522-906-4783x53927,PayPal,pending
16b1c166-c9a1-4899-8dd7-0b2863b7421e,954.667.1655x66970,Debit Card,completed
c5650588-5c4b-4168-a47a-6852f2c82145,001-675-830-0318,PayPal,completed
506fbce7-a3ac-46c7-b189-376121b7338b,001-438-712-5370x836,Credit Card,pending
91a7fce9-725f-4f6a-9f85-a4488b1a52bd,805-612-5908x113,Debit Card,pending
5a18d276-eb7e-46ed-a20c-86ded33db9c4,(435)968-6767x5096,Credit Card,pending
b464292d-b8bd-4f7f-8640-aac2dd8b1463,876-638-4962x941,Credit Card,pending
5fa8ccfe-d2ae-46cc-a4ee-2a22455e9cdb,001-428-568-8369x56002,Debit Card,pending
26aea3f2-e7c5-4905-9aca-26523ea71046,719.515.2965,Debit Card,completed
fd6ac3e9-5d87-4d56-94e0-d424e5a64814,7015755688,Credit Card,pending
abe690d5-556e-425c-b77f-44ff4c57908d,371-803-3794,PayPal,completed
1739029e-88a7-41e7-a42a-f826b9410ed0,327-540-6148x9325,PayPal,completed
6fc9c3ba-d604-4020-9e61-e8ac3cbf7f0d,7695399152,PayPal,pending
9f5585a8-ed48-49cb-913c-539fe936c049,(652)945-2661x8672,PayPal,pending
56c3b0dd-4f61-48df-bf64-8675119483da,592.930.0099,Credit Card,completed
84739ba7-4caa-4b80-833b-e696811d3896,(838)698-7318,Credit Card,completed
4e77b531-4cf8-4f59-801c-0bbe0246d4b5,987.565.4188,Credit Card,completed
5ab7d80c-89ce-4fd9-89c7-255184cad1df,001-865-560-4524x2474,Debit Card,pending
36b025fa-1367-42c5-a816-6578b2ded1f0,219.956.8328,PayPal,completed
30d4dd8f-197f-4a9c-a43f-cfe5c7ca287a,840-854-9827,PayPal,pending
ec65e47d-9958-4569-ac9c-05e966afb845,001-614-341-0964x453,Debit Card,pending
25e8eca1-29c7-4ee9-9649-6a4e028ff362,958.723.4017,Credit Card,completed
b0781a27-343a-4387-babc-3ec7ff6b3431,(656)567-3302x986,Credit Card,completed
4ed316a8-70e6-4101-a0cc-18928476c7ec,954.590.4615x7865,PayPal,completed
df645318-51c2-48be-9ac7-c73b855383f7,639.990.1461x89920,Debit Card,pending
8c61f334-722c-4195-80d6-6d65d12d62d7,(727)735-8919x3684,Credit Card,pending
eff1df9e-1bff-417e-92ae-534c7d42801f,906.747.7841,Debit Card,pending
0beaa8de-123a-4c8c-a38d-777dd4ce61e0,701-898-3404x39758,Credit Card,pending
55b861df-0be0-4856-aff5-7da5b64d3547,(604)982-5602x7943,PayPal,pending
7ac73e49-4c64-4a2f-9ecd-cb523fcc2184,9568163977,Debit Card,completed
5f77839c-2902-46d5-b422-a5060e5da142,(385)889-1674,Debit Card,completed
4b934011-14b6-40b8-8e27-b1e2aaaa0e0e,548-334-0593x0989,Credit Card,pending
4d66d103-81da-4eb7-99bb-7432afb23102,001-778-457-6056x00357,Credit Card,pending
ad6bc70e-1d54-4946-977f-3222d05ce415,+1-525-348-3244x8622,Credit Card,pending
e5e6a8c5-a0fa-42f1-9109-abcd2e0322fc,206-699-5621,PayPal,pending
2350fc82-1756-407b-ac18-c35438e0a14e,(821)261-9617,Credit Card,completed
fc7220c9-a8dd-4fc7-b2d6-54ec171c1ff3,750-705-8512x6331,Debit Card,pending
8f66a283-369d-413d-8af1-5249f4f7d009,+1-647-592-9825,Debit Card,completed
cd8b55dd-615e-45f8-95c7-b65cd8586ea6,+1-354-984-4616x223,Credit Card,pending
604a5113-1ce7-4fd4-98de-9552796cccd8,6875899789,Credit Card,completed
2c8bc1f4-3e97-469b-b8ef-26ed8bf37bd5,(586)312-5807x8499,PayPal,pending
c32980c9-f6fe-41ea-9b98-c7d930beeb54,614-460-1595,Debit Card,pending
947cd1ad-4ba8-483f-9728-000ee3e39e40,650-667-6971x404,Debit Card,completed
69c80e82-3f3b-4fc8-a8df-89c9427ec301,001-404-821-6822,PayPal,pending
cf9a92cd-f41c-4c1a-aa5b-08e003f59df9,539-820-3773x289,Debit Card,completed
d2dda713-181e-4090-8798-054ecf3a5ca1,3362219313,Credit Card,completed
01fa23e0-4632-4c67-9014-5fb0431c009f,(540)250-7840,Debit Card,pending
eea7c471-3d94-4c84-87a0-549616badfb6,564-857-8403,Credit Card,pending
52a29e70-c4cc-4187-b0af-3c12cb542066,+1-893-925-6880x713,Credit Card,pending
28c7c493-0f09-409d-ba8b-69d079c565f3,801.330.9295,Credit Card,pending
80a70aeb-4486-4dbb-98d2-2eaa4db9afd7,223-789-7797,Debit Card,completed
4aeb7f20-97c0-4ce2-abd2-d1c78ca7805b,001-920-289-9440x81775,Credit Card,pending
873ed8ac-6a1e-4342-ae5d-21aaad939df6,001-965-318-0186x993,Debit Card,pending
452e5be8-3788-4774-8977-82498687ec45,226.543.5495x3105,PayPal,completed
917f2e8e-c323-4fe3-9f61-5af4fa84eac3,(845)639-3259,Debit Card,pending
ffc848f2-b213-4cd4-b821-bed85ef609ef,(627)687-1560,Debit Card,pending
b88c272b-52ca-429b-9a38-dce53f0500f3,7462785597,Credit Card,completed
f4244b07-486e-426b-9cec-99cbb1a5a95c,(272)583-2478x10276,PayPal,pending
625dcb81-8e22-4af0-8c10-a642aef7d7c0,675.610.6812x024,Credit Card,completed
a69e1120-c423-4c9d-9585-1bb11597aafa,001-554-639-7979x8316,Credit Card,completed
323e48fc-5cc5-41c0-ac48-3fc4966fcdd7,8044163360,Credit Card,completed
8e18c23a-8a19-4fa5-bcdc-1b3b7d96cd59,361-626-6992,Credit Card,pending
d8e2af98-6b16-486a-8697-a419edd629cf,+1-340-243-9321x624,PayPal,completed
064f6266-66df-4ec2-8ca7-6a192111218e,218-679-4776x336,Debit Card,pending
d819ee5d-4b3f-4a6a-90e7-5d1be6e23c97,(373)749-3472x313,PayPal,pending
75ecc5fc-c849-42e2-ae21-2d2fe96e6f66,440-479-3056x0316,Credit Card,completed
b5ac737b-73cf-4ec0-9f07-50dbea1e3db4,(815)610-7927,Credit Card,pending
a88b1981-4c51-4835-89b5-d2c1a9681c81,319-615-8720x5393,PayPal,completed
cf94a5c1-3169-4cb1-8548-966f1b816066,561-995-2620,Debit Card,pending
6ab72f64-0a20-4609-9b86-eff763f2de97,390-206-8210x63156,Debit Card,pending
f605e622-9aaa-4cbb-9a1b-a4457915d45c,+1-292-573-8760x50384,PayPal,pending
163dd38d-56ef-4e39-8e7c-693913a7baac,(773)979-1281,Debit Card,completed
5da9d1a0-6852-44f7-96b2-3cd1cac28561,416.564.8447x22466,Credit Card,pending
f797910e-b05c-4328-8c4e-5c1ae7bcc80a,001-289-579-9716x061,Credit Card,completed
069fc534-9245-4748-8202-010216f1ec3e,339-413-4294,Debit Card,completed
c02c62a7-b02d-4841-a404-e4b004e26195,(388)431-6594,Debit Card,pending
7e6c2399-83d6-46d4-93fc-f31c0afcdbb9,874-750-2308,Credit Card,completed
ceb433eb-e7e1-4890-81c5-054277814e97,001-543-870-2528x8202,Credit Card,pending
4c4ec682-8e28-43e0-9d17-0d10e007a537,794-584-5943x871,Debit Card,pending
28656b94-f2a4-469d-8303-9d727ae4fa51,(214)477-5098x2083,Credit Card,completed
6850a443-b2fd-4574-9db7-fb147644b2d4,978.509.3668x3072,PayPal,pending
8fbc9538-8167-405f-97ff-7e31a865311d,503-849-0894,PayPal,completed
a0d8ded7-d481-4467-bcde-5dcd0c1e6c41,558.384.0128x77626,Debit Card,pending
aec0378d-dc3b-4107-9bc6-f9c245c7e0d9,689-449-4089x491,PayPal,completed
250d6d29-8ff5-4e6d-9a43-20241c9ec2ea,+1-557-360-2298x462,Credit Card,pending
5c78f68e-3b68-4992-bdab-99963b0cfd6e,368-834-7114,Debit Card,pending
bf2c0c8d-310d-43b8-bc50-e251cf18b67e,(821)702-2664x838,PayPal,completed
f086c7eb-3aa0-4bac-a217-764e8b393edd,(323)827-2418,Credit Card,completed
9763a4bb-16fc-4e02-a64e-47c83b8cc431,(748)637-5932,Credit Card,completed
42e33e3e-ed95-48bb-92ab-74651ad1e1e0,236-492-6322x86111,Debit Card,completed
dfe35a3c-6f56-4804-b92c-c1effc2accb9,656.257.2050,Debit Card,pending
6449c028-90da-4e29-bfd9-85f038322a76,496-794-8859x98398,PayPal,completed
a3ce417e-1993-4356-9e07-4156ffc50746,(312)993-0902x2839,Credit Card,completed
7ba3d80a-4612-4747-8129-1d0db46bbcc3,702.735.1646x1752,Debit Card,completed
7a6d885d-4eeb-42d2-8280-eb26f5f3554c,+1-841-288-1498x4022,Debit Card,pending
f4ebe736-8320-46dd-b9be-41efd292b43f,001-372-223-6215x6236,Debit Card,completed
ffd8b745-87af-4e52-9c6d-e5914c9a5db6,870-288-2238x61173,Credit Card,completed
a3216531-b795-481c-a5aa-15414b222d4c,(841)401-8041x05419,Debit Card,pending
d9931329-1b60-4129-8185-ae3a37fb73ab,(944)923-5157x80745,PayPal,completed
6a73583f-7059-4664-8fc9-9ec36dbf3ca5,001-596-834-2817,Debit Card,pending
dd6382a1-0b1f-400d-9d70-c465fb3d4b2a,+1-841-556-6813x84263,Debit Card,pending
b63f5638-07dc-4130-973e-617d2d445d8b,257.375.9357x5256,Debit Card,pending
a9a882b7-b5a5-434d-a47a-fe0507641108,+1-581-828-2585x9807,Debit Card,pending
a5c53adb-fd98-4eae-82da-36b4ec1b37d5,6953719750,Debit Card,pending
585db001-683a-4671-8122-b1aca9a97cc0,+1-257-849-3627x4129,Credit Card,pending
d1b2f69c-b6ae-4331-978a-dcdc2ae1192a,(951)494-3316,Debit Card,pending
ffc499be-4ef6-4bd5-84c3-5a67b8fb2400,(910)849-3804,PayPal,pending
22b9d69d-03d4-41ff-82ff-6e66ec4a6651,+1-300-576-8214x16784,PayPal,pending
6838bcde-3ca5-4323-a767-035d1b8ec670,001-432-900-9165x4224,PayPal,pending
23fc88a9-bad9-4f52-916c-0ccfe0433728,+1-759-348-5458,Debit Card,pending
e06aa2c5-b040-4957-9cf2-3ca5650c010c,(796)941-9511x88844,PayPal,pending
2a9560da-9123-436f-b390-5edaeb70a779,(476)860-6030,Credit Card,pending
d5ba421d-9312-4086-8a4c-2bc8d86dbe5c,378.644.3328x151,Debit Card,completed
ea768b27-46b5-4e9e-99c7-60d58afd016f,+1-786-846-0117,Debit Card,pending
005d1271-5c37-4af0-9364-d9fe79097ea9,+1-326-507-3426,Debit Card,completed
3fb8fae4-b7c4-4854-90cc-4c31e876e280,680-479-2418x154,Debit Card,completed
4eab0e05-dad4-4abb-bd46-d465b4d6ff8a,001-373-963-8096x2205,Credit Card,pending
ec6b7f0d-9c04-400b-b55e-b71778792584,001-505-201-0656x4346,Debit Card,pending
25f2c11d-40d6-4e90-956e-c57a0c0b2ad8,704-455-0821x6761,PayPal,pending
3d53e34a-ed89-437b-a1a3-138645dfa169,712-384-6807,PayPal,completed
f47e4b57-4e78-46bd-a9f3-7211f635e668,001-879-944-9230x06977,Debit Card,pending
13c06cbc-d101-4e8b-8528-4bbb14c5dc2d,+1-840-539-4691x25290,Credit Card,pending
85fa891f-f5db-4e17-926d-8f5059f0f0af,872-759-3700,PayPal,completed
15521fe9-25d6-44c5-a5ef-0e7346a7e66d,589.566.0093x02434,Credit Card,completed
decfffee-8934-4514-bf63-e1558bb4dc75,001-659-875-6115,Debit Card,completed
6568f8cf-5d00-4642-83aa-709d6b0167f2,+1-217-245-3097,PayPal,completed
e91a52d9-c59b-4f33-a0e5-193ade155648,8782387426,Debit Card,completed
9d776df9-80dc-4a55-a315-c51535df50af,881.911.9683x19581,Credit Card,completed
3d4a924a-f2a4-4f81-842b-4cda70684c4c,(996)732-9435,Credit Card,completed
39661378-78cc-441d-8e74-d391c6a44c32,+1-576-813-9299x71474,Debit Card,completed
aa8bb47e-9703-41f1-9db3-411ec39e76bb,522.835.9952x8032,Debit Card,completed
307ecb50-0a62-4f08-a8fe-00e922911759,+1-361-263-9142,Credit Card,completed
aa66549c-bf7a-4891-82b3-c02199b7bf50,+1-211-567-1281,PayPal,completed
4d4a0d6d-ab93-42fa-8001-f895dc7e1c10,880.496.5814,Credit Card,completed
a5d5ddca-6c84-4ab7-bbca-a85acc1a4f33,001-855-296-0359x7013,PayPal,pending
96ecda62-b2cd-40a0-a95f-476cf5699033,903.678.5592x8139,Debit Card,pending
69d08cf3-637b-4bbf-9c38-c448011e6096,+1-222-228-0474x73994,Credit Card,completed
bd17cd3f-a07b-4b33-836e-71a745e63449,+1-955-828-4611x73797,Debit Card,completed
47e8d841-5f99-48d3-b3d5-efcf6ec12149,8468255809,PayPal,pending
5be25798-3524-42a2-be39-58a01eb19261,843-638-9318x3074,PayPal,pending
79b87938-660d-4639-820f-51f596b45f0f,+1-318-247-7361x967,Debit Card,pending
dcbfc8be-21e9-4cdc-8f67-0da4cd749208,(924)482-6858,PayPal,pending
5456173a-8a87-4334-a12f-7c51cb20e63e,(965)611-1298x69560,Debit Card,pending
91523e32-2a4f-47ab-885c-a6b06d062cce,+1-617-793-2724,Credit Card,completed
570bc4e4-85d5-4546-83cf-afb9691187d4,001-686-569-1065x6335,Credit Card,completed
75995a83-a165-4503-8ac4-1560ad66a1d7,+1-827-686-8265x9262,PayPal,pending
f9632173-e1b9-4373-9e1d-4a0757e3d3af,(510)975-8204x9878,PayPal,pending
999c59e0-9a2e-40c8-b0f6-92d90ffe2d0c,001-348-383-8213,PayPal,pending
9ac9f74e-6939-4386-8bf7-0864b806de4f,(738)481-0823x347,Debit Card,completed
2fb676f5-abaf-4490-b014-dfe786e5f1ed,365.582.3949x083,Debit Card,completed
c9d8285e-1deb-4246-8a31-19ca311bfcd4,(468)335-1964x4538,Debit Card,completed
0e80ce52-f037-45b3-9dba-6dd457ad2964,+1-952-964-9821x275,Credit Card,pending
3e2a7ea8-9443-4ced-aa10-8cfa1943b6cd,+1-794-312-1947,PayPal,completed
b860af81-c3f3-4116-a285-a546f2ce3072,+1-318-201-0423,Debit Card,completed
a951f057-4b22-47f7-a879-933743d6750e,001-836-496-4404x432,Credit Card,pending
4313c1bf-d354-417b-a5a8-4c5916680dc7,395-422-3189x14885,Credit Card,pending
d8bd3953-70b3-42ff-9bbf-579e66a43619,+1-664-575-8250x877,Debit Card,pending
d5e2da2e-b1d7-4eb8-b734-176367d31ef4,(539)680-8253x8125,Debit Card,completed
772d090a-7873-416a-8f6f-1765c1829977,+1-713-416-3671x27431,PayPal,pending
59443654-a639-4658-a53b-bc3d58896845,(356)748-9188,Credit Card,completed
e124c988-a5f6-49a7-93a0-df1702665f1e,807.799.3470,PayPal,completed
4d2b4361-1be3-4910-8e57-d7939f81d418,+1-428-311-4574x6686,Debit Card,pending
b956c585-bb95-4e13-a289-bcd1ef7da18f,(907)482-1918x23906,Credit Card,completed
0fb46d43-ad09-44bb-8393-0cf5d672ae5e,(386)762-8677x7174,Debit Card,completed
df56e2a7-e891-48c5-8bb2-32ee418f27e7,001-498-438-6653x765,Credit Card,pending
b2e20291-cc83-44b5-ad00-4cc5567f807f,785.715.3768,PayPal,completed
688ac03e-a58a-4f0f-bf5e-1e9c769fb3af,(616)413-1450,PayPal,pending
497d8cd7-1ee6-4dca-832f-87a114d0013d,(812)219-0456,Debit Card,pending
0b31af72-62fb-4118-9e24-71f1214af977,629.799.6381,Credit Card,completed
dbb5460b-2251-4f25-825a-58155a578b35,001-729-632-2362x397,Credit Card,pending
b7541e34-7e05-43fb-bc72-26a0bac9f10c,449.737.1881x556,PayPal,completed
2c26fdf2-daa2-4b42-9a4a-4285d2737287,987.955.7742x1325,Credit Card,completed
befa58e2-f8c0-46f4-98ee-8949e71920ae,852-839-1401,Credit Card,pending
eea76b79-ddf1-4f90-9cf0-090e166c403a,4199705899,Debit Card,pending
a5608dab-7500-4635-9dec-f1ee987de93e,(436)433-0854x3060,Credit Card,pending
8a1dda94-4dc0-4df1-90a7-e446360557cb,494.230.1437x824,PayPal,pending
74dfcae3-a671-45bf-8c87-a9b6b69dc6ca,9464294908,PayPal,completed
0912dedf-1067-4218-abac-cdc5d988ba98,(705)620-1908x0792,Credit Card,pending
ca533470-e29a-407f-ae78-6975162fe5c4,6283510431,Debit Card,pending
142172ca-540b-4843-8289-25ce50ccad93,(940)358-1833,Credit Card,pending
b7ede885-d74a-4811-a2b4-b4bf8b4797ee,331-635-8807x20713,Credit Card,pending
8390142c-8f84-4c36-832a-2820b9a17f55,001-961-219-1036,PayPal,pending
6a20dc2b-4a48-480e-9040-515a3b35b857,598.659.8177x1298,Credit Card,pending
8cbbc354-149c-4433-b5bf-3f8646ac0c4b,686-394-3649x6405,Debit Card,pending
37a10b8c-6455-49e2-812f-5cd6a1104ec8,563-386-0371,Credit Card,pending
e9f8cd0b-874f-4e1e-8403-a7059a7d004c,638.541.9097x60645,PayPal,pending
d6da803f-3b9e-4ef8-907a-92ef0f2ddebe,921.728.3094,PayPal,completed
1fa3a916-f753-4fac-bb6f-c81c2c230456,649-581-9623,PayPal,pending
ade20b8d-b24d-4d60-9c98-19b4cfbd95a0,694.601.3864,PayPal,pending
f74d493b-d9fc-47a7-aeb5-1475a5a1eb58,858.601.8199,Debit Card,completed
94b6f1ef-8c85-43fa-9a62-421bd3fd6e4c,672.563.8896x200,PayPal,pending
d89b1a68-6cd9-47fa-9728-f1b2eab72b8b,749.804.6816x32467,PayPal,pending
da3aca36-efe6-4326-a8ca-83d4674eb575,001-287-724-2327x53057,Debit Card,completed
bac5d9a7-6d97-4bf2-95b8-bf8c632b1a53,(718)582-2599,Credit Card,pending
b02eff2a-6e62-44ed-a583-f905d85c377d,981.627.9193,Debit Card,pending
1584078d-0730-4222-bd8f-8c7355256f86,265-562-2363x482,Debit Card,completed
c531a0eb-364d-4555-a238-4c8443d52d1e,913.410.5588,PayPal,pending
8f4d78e4-640c-4305-8e2a-72b7e513c0e2,(969)557-9768x03754,PayPal,completed
edeac043-a5db-4b86-8c28-9192d9b71e64,+1-465-288-8554x1104,Debit Card,completed
99a863d3-7ffe-4e55-a644-cce46596dd61,(506)880-1761x797,PayPal,pending
461749ac-3532-4264-85b6-5760f0449dad,9278133824,Credit Card,completed
32ba73b6-43d1-4a91-bd1d-94606ecc2630,613.339.8998x93844,Credit Card,pending
ef84e7c2-d71a-401a-94c1-3cd367cb0bd3,9088975134,Credit Card,pending
f48cb8b3-6419-4bfa-b410-ef6d7aeff618,398-812-0879,Credit Card,completed
85057359-0658-4eda-92e0-54526e3695f0,2333728853,Debit Card,pending
d2b7b0c8-c1f0-41c7-a99f-e3fcfa60a15f,8112318182,PayPal,completed
5a3554a0-db30-4930-98c9-cf3fd3fbdb6e,541-239-9994,Credit Card,completed
7737b335-366d-4b47-a5f4-e142a9f07515,511.338.3866x2413,Credit Card,pending
6e1f07f0-ec1b-459c-b048-006841f2153c,+1-644-628-8001,Credit Card,completed
ca032383-3b35-43aa-91f3-aa2e473eaca7,(521)787-7188,Debit Card,completed
99f2851f-ca9a-4916-9961-d19d18f73ae9,730-914-8499x88221,Credit Card,completed
1d7f6ca7-04c2-4c48-9b72-55f0f45bc5df,(692)378-2537x36484,Credit Card,pending
de864c20-39f9-4f3a-b2c1-f0b81da1c43a,500.697.3219x6800,PayPal,pending
b4fe7a97-4f01-4303-b611-892f01bd7541,+1-712-382-9835x71510,Debit Card,pending
70d656d7-4f61-4856-bfa7-14ce0a5fa4d2,+1-329-828-1081x708,Credit Card,pending
0a3b0161-d5e2-4751-9637-2704a12f4d2c,653.469.1987x38340,PayPal,pending
6b6aa690-f4e9-4aec-8d55-111343d14a53,001-676-851-9514,Credit Card,pending
700dc880-1ba2-46d8-b0ec-1fcc1aceab54,+1-627-772-2713x4076,Credit Card,pending
dd2a1861-da5d-485f-aec4-22eabd3cd2dc,001-762-542-9573x86044,Credit Card,pending
4201ab9c-2a33-4e44-9d89-6afa8ba87508,347.542.7793x20132,Credit Card,pending
a949fa83-4358-4b7d-b4f2-f6754e3dcdf2,325.929.6341x0743,PayPal,completed
4921664e-c44f-43b1-821b-fcf1d4f760c5,001-970-930-3521,Debit Card,completed
75dcd205-ab92-4191-9e54-1df193757e53,(585)207-8065,Credit Card,pending
77c37f43-6f95-496f-bc32-610c67c80d7f,517.909.1715,Credit Card,pending
baeb825e-2330-41c2-9a86-85e6234ba6b0,8006157171,Credit Card,completed
85c26eeb-9249-40c4-9ec8-7c0e3e4b29aa,001-370-973-4290x464,PayPal,completed
5aa302a8-f478-4eee-85e8-e6fdfa8895c0,603.695.9489x4005,PayPal,completed
95f58941-7981-4152-906f-d87b4307af17,001-538-761-3050x2830,Credit Card,pending
25b53339-a9f1-4285-8efc-5704992e7a75,(657)362-2321,PayPal,completed
c08f5644-9bb3-4293-ad91-dbe1b4cc7650,+1-739-332-4855,Debit Card,pending
a1e1007c-4a1b-462c-8c68-ea5b646c7bf2,641.611.0143x541,Debit Card,completed
843a3ea7-fef0-4252-87a6-15e7f5773f54,360-422-1751,PayPal,pending
b05087bb-9ec9-4425-99c1-45c2573e87f9,513-454-7871x33710,Debit Card,pending
446eda6b-b6d4-4d39-a706-ac7634332a7c,(715)941-0847x34452,Debit Card,pending
9e9dc9b9-b927-4c6d-bf16-64b65e99e222,(822)661-8786,Credit Card,pending
4769ee2e-e2b0-4f88-8a7e-3de07b510dca,+1-566-565-7892x133,Credit Card,pending
dbf048c9-af49-4203-aa71-35f5329757ef,256-545-4947,PayPal,pending
455ab503-f993-4bf7-bf8b-c0a4a94b87cf,(677)378-9010,Credit Card,pending
8da72f61-9cb2-47c4-9d1c-f7b8005caf29,+1-544-923-4108x430,Debit Card,completed
10f9df42-0cb7-4395-acdd-cc2db770cf8a,001-490-403-2840,Credit Card,pending
6022a2cb-e2c9-4bf2-bc39-75056f6bfba9,739.903.1272,Debit Card,pending
9bf86a70-d158-4000-adda-aeebbc98e7ff,293.693.7195x753,PayPal,completed
404f5121-effd-4f3a-90d2-dea882f7307c,+1-590-584-3380x2081,PayPal,pending
16f366c2-5263-406a-92db-d6fbca40cef8,001-531-507-6202x9349,PayPal,pending
d29c0eb2-ac58-422f-aa75-cfb2afa04735,001-972-416-4949x2971,Credit Card,completed
0517542a-3d3e-488a-89c6-54a75d30a4f7,001-720-520-6802x46510,Credit Card,completed
fa4e3403-057c-43fa-8aed-882931507c8b,+1-488-232-9930x49120,Debit Card,pending
412882aa-1ea8-432b-8bdc-3859619a9e2e,+1-873-465-3690,PayPal,pending
60a37d94-6db5-487d-87ac-0ed81e86f7db,+1-837-471-4482,PayPal,pending
7f8f27df-f0c9-4312-a3b0-8d1e9585cc60,4112054677,Debit Card,completed
459ee0d3-0822-454d-9cb2-0f042c1d8294,339.207.6446,PayPal,pending
c3963d5a-29bd-4e5c-a552-e6ca9d5f6a84,810-896-2933x09761,PayPal,completed
88b25e85-3323-431d-ad6d-12674cb2f82f,(653)583-8545x281,Debit Card,pending
48bd2e85-650a-4d96-9866-31386291ba30,001-367-380-1784,Credit Card,completed
45f119f9-1e4a-46b8-a79b-af8ab0fbc8d4,+1-491-353-9486x95765,PayPal,pending
ebb91314-e2cf-45ec-bf7c-8be73ca05a18,677.946.3713x99724,PayPal,completed
99f7e07c-8372-4313-be3c-e1a6661d5a27,+1-836-521-7848x434,Debit Card,pending
8c009612-0eca-4882-a64a-863738da4782,371-625-1020x93012,PayPal,pending
5c96da8b-6fe7-4450-8832-0aaccc558a70,(851)353-6074x582,Debit Card,pending
6553547c-d7ce-4cd5-980b-506288145478,001-270-414-9763x8526,Credit Card,pending
7770f074-8190-4259-836c-d4c75670c03e,663-487-1111,Debit Card,completed
f46dcebe-7e05-4edb-9fd1-49c8696a5b56,609-476-1561x7117,PayPal,completed
30f248a7-100e-4e7c-b0ec-75e6b39ad8e4,+1-567-430-7215x32634,Credit Card,pending
df0d89ab-c6a4-4771-a95e-49705f0d75cf,+1-967-412-6942x50453,Credit Card,pending
11ad081f-ed3f-4f33-8ebc-7087e6a8b37b,697.810.2882x540,Debit Card,pending
95d3d68f-c264-4d79-8221-0a6881cc10d6,+1-212-630-1319,Debit Card,completed
74c3d3cf-bc59-4b31-8614-8ac5f1e5d7c2,225-895-0137,Credit Card,completed
e336b776-d01a-47d9-b9a8-d40eb0e04aa5,597.606.1725x02485,Debit Card,pending
a022b6b8-0844-4bf0-bcdf-e5ad64db29c5,319.567.1795x612,PayPal,pending
77357dd4-8b93-4e50-bbfe-077c6b3c2fcc,738-356-0743x38893,PayPal,pending
16620471-8d8e-45eb-a9af-793cdcd10da9,001-788-796-6703x47106,Debit Card,completed
4ac485dc-2025-4d6f-b353-a632ac1349c3,+1-811-390-4524x803,PayPal,completed
e539f4ce-f30d-4c7c-8022-e383ea81845b,(410)883-8135,Credit Card,completed
0336bf4e-d62e-46ba-a79a-e3d67f656537,+1-487-825-7774x6106,Credit Card,completed
8bba51c6-3586-4b0b-859d-a135989af1f0,(822)519-5393x08410,Credit Card,completed
8dd90239-970d-4b3d-92ff-706b3b0ceab4,760-348-5100,Credit Card,pending
d85703b9-a9db-44cd-b460-cf9c1c2dd83c,225.407.0979x2398,PayPal,completed
aae99bb2-ca02-4dec-97bf-63f690d66908,495.530.8980x5733,Debit Card,completed
a933ce2f-6290-4a3e-803d-fecd352ce915,+1-665-785-9654x197,Debit Card,completed
68b2f50d-acf7-457a-850b-a33fd7ecf88c,+1-839-978-8436,PayPal,completed
d7a23783-c907-43d4-aff2-e99781d53acf,(936)281-4771x2690,Debit Card,completed
b2b16ca1-ff68-4dff-bfdc-e1187dd27170,937.726.1802x76345,Debit Card,pending
31a78189-6f9b-49d9-874c-260b80707506,8287397582,Credit Card,completed
bb1e2355-98db-4d8f-bc10-427ef9012d41,+1-980-812-1406x252,Debit Card,completed
a905b552-edc1-4fb5-9c7d-5f42a89de359,+1-256-407-2449x259,PayPal,completed
f4247657-9343-4cab-9e12-6decdf1f23ab,822-682-7389x9040,Credit Card,completed
0e7318b1-8b30-49fd-8ec8-3ea98b76d43e,687-499-1937,Credit Card,completed
2aee3f90-8a89-468b-820a-527d799dd03d,001-585-632-1008x657,Credit Card,pending
27c761b4-51fc-407f-81f7-c338b3ae1dd1,253-905-3141x5347,Debit Card,completed
7096fe16-583a-4da9-aa2d-de42b98a6121,5106337214,Credit Card,pending
7e2e5643-30b0-451b-94e8-3b072fe3238d,888-920-5806,Debit Card,pending
2b222520-df0d-4a37-88c8-64e1d1b530a6,+1-304-499-3038,Debit Card,completed
84a73f5f-da14-4ec3-8b0e-3467fdb41a8d,917-273-2927,Debit Card,pending
f0dba88e-0903-4888-8eb6-d15ba217b572,214-495-5627x086,PayPal,completed
b2aa660a-0397-40ac-bc28-d0519bdd4fd1,(584)832-6447x446,PayPal,completed
9c0d967b-61b6-46f0-944d-c4b52de0abfb,+1-497-500-7871x326,Credit Card,completed
ced4cea1-4874-43af-9d42-06eae16c81b5,(852)403-3746,PayPal,completed
95bae049-0fb5-493c-accd-7a3d00cef663,001-651-236-5102x2204,Credit Card,completed
14d271a7-2679-42b4-97ec-2b2fbf375a3a,001-872-834-6302,Debit Card,pending
93d58ea7-9f83-44e8-bf72-efafd2e3a03d,001-261-282-7234x8948,Debit Card,pending
08694cf9-b737-4600-aa21-b1c13ed6f39f,386.901.0194x538,Debit Card,pending
6012c1ea-c25f-41a9-bd61-a8fec2925849,203-332-8640x1839,Credit Card,completed
06696274-ee21-4e21-84d1-c8400488b6b8,001-498-281-6715x348,PayPal,completed
7156b895-3972-4555-a511-5a20c485870b,615-618-8799x096,Debit Card,completed
7d8141a0-8915-48c2-a6d2-d1a886810b46,646-348-2954,Credit Card,completed
06887b5f-e786-46e4-b614-826f5768940d,373-373-2599x699,PayPal,pending
17770075-32d7-49e2-af21-96b4501ed399,+1-463-676-9839x25930,PayPal,pending
a912991f-9e8d-4cbc-b094-ac3c2ce02f98,001-336-980-7962x9879,Credit Card,pending
8c117bf7-882e-4bac-b938-fc6a71ec1ae0,(528)848-5496x0689,PayPal,completed
69a19c8b-e9c0-4ac5-970c-cd3af626455b,+1-452-506-5612,PayPal,pending
737f5fa3-9c4a-4c18-b11b-3740634a20bb,583-318-8932,Credit Card,completed
26350723-8d9b-4f20-91ed-b0281190b9b4,(339)978-3236x76554,PayPal,completed
edb31ba1-bd1b-4b41-a1ac-3b682bcce73f,001-657-971-6212x27723,PayPal,pending
fcfe7f8e-5380-4063-8abe-eebe76f9c11b,364-627-0502x6198,Credit Card,completed
dd6368b6-7b06-4319-a7cf-9acb04acce53,(809)895-1278x1072,PayPal,pending
51186c03-0e82-4bc0-a5b2-c595e3e078d2,272.298.8690,Debit Card,completed
45ff98f6-0822-482e-a11d-1452c78d5748,9444144962,Credit Card,pending
02f8ba73-3185-44f5-beaa-29f23b2f91b7,2603241170,PayPal,completed
fdfe61d0-4daf-455e-9b71-42a4d5bba224,2336498694,PayPal,completed
a2270542-7349-4c1e-b047-661d62690774,+1-742-331-3688,Credit Card,pending
83e10cf5-488f-4990-993b-867bb7e391d0,893-203-7763x5008,Credit Card,completed
ec81433f-b598-4478-954c-14ac13b05533,+1-446-530-2010x81047,PayPal,pending
7402d896-8db1-4ee3-9539-1bf5fc786429,934.422.4473,Debit Card,pending
0bf139b1-9c34-48c8-be78-883f2ad943d9,830-618-4918x1267,Credit Card,completed
b1645709-fe78-48b4-a6fc-2691173c287d,868-946-8638x862,PayPal,completed
235ec95b-ea3c-4d45-9d34-f759780aeb86,426-741-1397x148,Debit Card,completed
a199463b-67fb-4373-b52f-86b9b989b49b,001-982-761-0931x608,Credit Card,pending
7bba88df-3dad-41bd-886b-515495152212,(430)365-0301x668,PayPal,pending
db50bf35-a5f1-46e2-b860-000cbb7b01b1,212-453-2239,Credit Card,completed
8c603384-61ce-4f79-8217-739340a01d2f,737-200-1106x640,PayPal,completed
6f41937d-a752-4d5e-9685-ced5dfb70778,411.766.7994,Debit Card,pending
7fab2109-8919-4b87-a1bb-9fd4a1f329cc,917.679.8183x333,PayPal,completed
a6830ca5-5a15-4d24-973e-71014a239ed9,+1-769-769-3466x0856,Credit Card,completed
0d5b1765-046d-45f6-a416-749471d8729a,5145786382,PayPal,completed
512d4e5e-c173-4628-be19-0de98399d3c0,001-326-518-1274x6491,Credit Card,pending
61980d94-affa-4760-8c6b-f64543ed837d,+1-228-840-9853,Credit Card,completed
c4c902b5-a83d-440c-a75e-8024de4e084b,001-300-340-3000,PayPal,pending
d25d2760-078f-46e2-af88-ee895aa44884,471-753-8549x2234,Debit Card,completed
b296f4fc-7dfe-4b0c-a40d-58daefe3ecc7,001-549-419-9315,Debit Card,pending
c5a09ebe-9975-42c9-932b-666beb007b0c,729-286-5182x278,PayPal,pending
76584e6c-928d-4f04-a4c9-f4ea6f0a0b22,4698209441,PayPal,completed
1fef8f67-20fe-4423-9cf1-80cbf2025f5c,816.218.0861x26411,Debit Card,pending
f7987552-a822-45b0-8eff-cc388f3e2634,+1-682-233-3882,Credit Card,pending
c5fa5492-178a-4f28-a47b-0da9bd5030b9,808.454.1308x29681,Credit Card,pending
cb5d31ff-d7c4-44c5-8ff3-2227083d3361,001-345-940-8614,Debit Card,pending
44adb78f-8c84-4c68-9096-fc1a29a9f0db,+1-594-550-8390x2829,Debit Card,completed
9db32114-0577-456f-aa37-2eca4046db82,234.747.2803x6269,Debit Card,completed
128fb4b2-4810-4848-bd2c-ece2ffe18845,526.211.5875x840,PayPal,pending
3e654ae5-22f3-4f3f-921d-67a1c4bb0998,001-307-464-8731x6297,Debit Card,completed
8620b31c-1240-4225-acfe-f0cbcd664d2a,001-677-481-2085x35820,PayPal,pending
090a66d1-e3b7-4ff9-bb3c-f778a9153068,001-678-291-7096x4317,Credit Card,pending
ae7769cb-e288-4d82-a15e-c8a4c143d902,854.740.0990,Debit Card,pending
3b949daf-c8bf-4a6f-afee-1b1baa48a8bd,(771)583-2257x6944,Debit Card,completed
8a616e97-4f11-447e-abad-4c228c445dad,634.219.6670x06786,Debit Card,pending
f596d8e8-1364-4955-a316-6a7107e29e9b,+1-379-481-9595x8707,Credit Card,pending
769f5bd9-2e89-47ec-977b-b20262c588c0,+1-654-460-8480x022,Credit Card,pending
cb9ceb21-4171-4374-8bf2-31eeb4f4d74d,259-949-5391x2065,Debit Card,pending
464fb152-5b8c-474a-8437-313a881faa05,001-569-646-1968x651,PayPal,completed
b353970a-6fc5-4d1b-afd2-47382e6810c3,001-624-696-8848x749,PayPal,pending
7ee574b9-6ef8-463a-9333-7bcc1c3b5dc8,001-264-755-7485x65591,Debit Card,pending
e97ade3b-cf51-455c-adb1-9113b8923b98,(875)629-6306,Credit Card,completed
8e1aa8b2-4a44-47f2-b56e-65bfab0b103f,001-335-888-7549x27171,Debit Card,pending
d871cc2f-c704-47fa-86e0-219078c9ddaa,(435)354-3997x73245,Debit Card,pending
fe236b34-32a6-402f-8772-771353d8136c,+1-296-319-4386x2572,Debit Card,completed
39f75b83-a60d-4d71-a18a-3b567c983dac,001-659-645-0906x475,PayPal,pending
3fdb6b98-82c3-4127-9c7b-fb71a6430ff0,+1-961-889-7390x4501,Credit Card,pending
92615b55-1b6f-4353-aad5-1ae82d9cb525,001-401-826-6577x673,Credit Card,pending
b28d83cc-3e5f-4aeb-9f27-b8d1d2624a0e,+1-726-865-3112,Debit Card,pending
d9a48d1f-5b3d-4922-a1ce-8db07ea3bd75,001-420-629-1175,Credit Card,completed
3c3c068f-bde6-4d0f-9f98-9423edb3bd7c,+1-519-816-4851x45456,Credit Card,pending
b536f5a0-0d47-4a93-8e29-b2e46420fd1d,451.921.9397,Credit Card,pending
72dc6838-db2c-4833-9689-b7413eec0508,001-874-419-6268x20939,Credit Card,completed
8c03e480-58ae-489a-bbbd-e351543801ed,(921)761-6415x86363,PayPal,pending
2bfc59f5-5e4d-4e06-9988-fdd5c8ecad7f,675.785.3046,Debit Card,completed
09b9afe1-4c80-4ec8-b4d5-823abd4a1f29,999-841-7734,PayPal,pending
8764b073-0485-4a32-8f80-c638984aca5d,504.633.8640x96357,Credit Card,completed
03bf7bd5-228d-4d72-b2ab-c9d7aa0510cb,001-336-734-3276,Credit Card,completed
cc554661-9291-4c9f-ad15-d3230e6fd9b9,+1-271-207-9322x33583,PayPal,pending
5f992083-919a-4e01-a87f-18e928d54fe6,+1-537-396-7268,Debit Card,pending
98ee8d5f-6480-45db-934c-6a5b0e4bc504,928.340.4074x892,PayPal,completed
f374dc41-77ea-4bb5-9f5d-fc70047ba87e,+1-834-277-4813x3758,Debit Card,pending
c94d0f3e-eb30-484c-916a-2db1c1d7eb3c,514-419-4989x24713,Debit Card,pending
633113af-505d-46fe-912f-79c46f6caf12,001-941-422-7530,PayPal,completed
85dcd3aa-7aaa-47e1-9907-3e17205f3ebf,990-563-5460x7199,PayPal,completed
63785afb-d4ca-4466-b985-4ff966fc3c39,(676)547-7293x03947,Debit Card,completed
c3a3f40b-fdcd-4fcb-bb5a-2f67248a2e27,(402)568-1355,Credit Card,pending
e77de6f2-9670-49c1-8cfd-c7b2999431ce,5976266906,Credit Card,completed
6c984981-ae40-4645-bee7-eeb5a5411746,(847)433-2911x98069,Credit Card,pending
64d63894-9e2e-4271-aa1f-3b0eaaee6199,828.702.4058x238,Credit Card,pending
3f019dd3-d3bf-4deb-90cd-6280a837932f,(438)397-9915,Debit Card,pending
7fe4ee98-1364-4278-b440-c60affc24ade,865.964.5397x54437,PayPal,pending
326f1ed0-628f-4d14-978e-3b271ce1acb7,+1-411-888-9058x757,PayPal,completed
d3b79e9c-c510-4cea-8dff-70ab9e917384,411-520-3394x788,Debit Card,completed
dc4e248c-4171-47d6-895d-21156596af2a,276.716.9370x066,PayPal,pending
19047fee-f7df-4afe-9200-0d7724aa9152,001-942-769-4688x3139,Debit Card,pending
fc246b0f-a64c-4b7b-a02a-e5a2aa8e6a81,428.857.3042x69713,Credit Card,completed
477ed0fa-ff75-41f4-a866-90ac69edfa05,001-897-909-3196x09230,Debit Card,pending
1d0e6e69-98f2-49f2-b07d-9d488df50ad3,934-444-3429,PayPal,completed
c49e40a0-7f59-4ad0-aeea-2555ea302e38,+1-916-912-2136x42280,Debit Card,pending
433690bb-39c7-459f-ab3a-6000a3dd03a5,339.379.3135,PayPal,completed
6ecd035e-7d9a-4b65-9544-bdd5de6de536,001-429-678-2386x36850,Credit Card,pending
2b31c7ef-c209-4a91-86a9-87aa749b635b,3776370460,PayPal,pending
7c3dbe82-d91c-4461-906e-e41e535c7693,(868)273-0759,Debit Card,completed
51d65a08-1cf1-483e-be68-eb83bb4ad811,3238794077,PayPal,pending
6e01f877-838e-4dd9-a042-52e693da7b22,001-972-392-1434x254,PayPal,completed
2a9e6088-310c-43bb-950e-46e7a533ae6b,(474)714-3191x1299,PayPal,completed
74ce6fdc-c649-4f17-bc3c-35ae39cb8a9c,001-232-630-4290x8137,Credit Card,completed
47086294-3266-46c3-8112-41744f526787,995-906-8373,Debit Card,pending
2265430f-a650-4026-8d0c-2c2dc32e825c,001-463-904-5467,PayPal,completed
848e55c1-dc0e-4747-943e-f4944f650eee,(507)862-9791x2889,Debit Card,pending
322e70ae-894f-4b41-a9dc-d34fa62444c5,(539)586-1729,Debit Card,completed
cf8db020-dff2-4332-9793-119317e09805,+1-872-554-5959,Credit Card,pending
b474758d-5e39-498a-9759-a09306d960cd,459-914-7062x4235,Credit Card,pending
d0f3cc86-b457-42c6-8129-f81868a005cc,942-532-0234x062,Debit Card,pending
218c5dcc-a473-43e1-a898-dcc917778e3a,688.634.7275x62033,Debit Card,completed
a4d5e672-7b2c-4456-b1e5-636da76959d1,469.204.8027x41295,Debit Card,completed
483af6ab-61cb-4bec-83f8-11be53119ecc,354-202-6616,Debit Card,completed
0e66e621-8f50-4322-9287-edea11c6f588,989-771-2483x65507,Credit Card,pending
7446184e-4157-48f7-b758-01613ac22f28,(234)949-1517x34256,Debit Card,pending
7fa6c99d-46a4-4ad4-88bd-f1476886b8d0,(694)527-2070x253,PayPal,completed
a462e995-32d7-4262-b88b-c733a27bca98,344-243-4993,PayPal,completed
f69063da-43b7-4195-b38b-2ccad9be56e6,+1-578-633-7428x85280,PayPal,completed
34a29b17-d2d1-4d0e-9093-822333817a56,(666)871-9598,PayPal,completed
8208475a-7e61-44e5-a9ec-9697ef179914,(889)550-4274,Credit Card,completed
c86ffbe3-4120-4592-87c2-1753a5a9adf4,783-202-7640,Debit Card,pending
8b7deb77-2381-405e-a724-d9977cd894e1,7885587869,PayPal,completed
2e644e0c-52b5-474a-b1c5-4d3305c4054f,624-583-4291x689,PayPal,pending
d185f59c-7203-4fd7-b34d-2fce8827fc28,001-569-741-7510x30462,Credit Card,pending
187b9b6f-6305-4541-87a7-a89c2d0079df,+1-670-666-1216x76461,Credit Card,pending
0528b841-2072-4180-8880-5c695d7dbc17,+1-588-802-1169x7740,Debit Card,pending
26702d85-40b9-4cfa-9ee9-65627b4528a0,494-366-3258x54274,PayPal,completed
cadc0727-dfaf-4348-8fc5-7fa7c1f9389f,+1-971-380-3437x55494,Credit Card,completed
6c9f6310-1c82-4bb9-b7f6-251396ac4a1f,381.671.1916x3635,Debit Card,pending
2a2f49fe-c7b5-4d8f-870b-733f5aebb851,+1-335-357-0510x774,PayPal,pending
e1f64716-dae4-47ae-8abe-487145a3a0be,(665)577-5370,PayPal,pending
c68671a8-e11a-44cc-9986-9a52dc915c94,933-749-8849x431,Debit Card,pending
b2d06e54-09c3-4356-9408-aa823c2a8a5a,+1-580-687-7444x45526,PayPal,completed
a059e0c9-e042-4f92-a70a-51b339382556,(772)229-9815,PayPal,completed
1428d2d0-ecc6-4609-946d-0bfa7513d964,001-565-536-6706x30676,Debit Card,pending
2dd1309b-ed9d-438c-8fcd-52a577bea2f2,600.574.7346,Debit Card,completed
9ea61a8b-5db4-48f8-8929-46867e059db0,296-436-5159x1725,Debit Card,pending
3edfeb57-5afc-42eb-b75a-dd65cc9ed3f5,981-664-4576,PayPal,pending
20ee0559-45db-4498-8027-604509e92de8,658.212.5474x26956,PayPal,completed
845867e8-2cdc-4a30-9a2b-f65df4d612bc,462-752-0438,PayPal,pending
dca0ae00-315e-41e0-9e76-9a07db137ee1,895-346-7267x4377,PayPal,completed
843ac741-1681-4d51-881d-b1a06ed2ff5b,+1-669-525-5299x6612,PayPal,pending
fc9e715b-771f-4cb3-8e61-86595a70aca7,001-645-877-1947,Debit Card,pending
8872beab-e3e8-439f-9fa8-7a873b6ac508,286-775-5621x22312,Debit Card,completed
d6ca0806-bbd5-4a06-96da-c8f31af1710a,999-581-5944x0512,Credit Card,completed
dd9a8ff8-248c-41b2-9813-ceb12dab39c0,5285178338,PayPal,completed
e5905d13-79b5-4f63-b393-d2b9c9fe00ab,632-326-4007x052,PayPal,completed
134b0d13-493d-45c6-8cb6-69b35eccd5f9,(333)962-7170x5916,Credit Card,completed
fb0f1d22-c912-4729-ba6b-b3a7540968c8,876-535-1490,Debit Card,completed
da8b327a-e0e6-4b88-9449-1817d53c9b0b,7132751940,Credit Card,pending
9a4534b4-47fa-4999-896c-466937f5a725,(835)593-8456x04771,Credit Card,completed
ad10190e-8db8-49b9-83c4-9ddbb69df4f4,998-744-8351x681,Credit Card,pending
4aafeef8-ba97-4566-b0ca-c4796c81545b,481.498.7214x55161,PayPal,pending
e5f1dd52-a8c9-49a9-a1cc-97dcfd629643,(314)328-6351,Credit Card,completed
4d247ac7-6546-4cd0-beb3-d1735fc4744b,555.860.6160,Credit Card,completed
a0501220-d18b-4149-bed8-eeac1160b083,5239706214,Debit Card,pending
90976b02-c737-4096-8484-ee5219306124,968.867.1247,Credit Card,completed
5943fde3-90c7-4d4e-8967-9632d47e0154,506-983-1659x2916,Credit Card,completed
7388dc0b-2b70-4ce4-a167-33b908380073,+1-631-731-0670x43851,Credit Card,pending
b9eb56cc-e54e-43c5-b200-b108d9346d8c,435.800.5201x05526,PayPal,completed
f79fc065-d1bb-43b5-9bf7-1932e6e9287a,(842)612-4022x185,Credit Card,completed
a2c814b2-9473-404b-a257-3cf0b003c773,+1-212-438-5269,Debit Card,pending
a00f6b89-d8fc-4214-98ca-63565ee694a0,849-582-4097,PayPal,pending
09f21447-6c84-460d-bebd-63e52ac1f4f0,564-283-0433,Credit Card,pending
7a2636d4-a077-46df-abab-91ea9392d863,7372003140,Credit Card,completed
1e9e118d-7e63-43e6-91a6-cb6fc3f39c15,6392965297,PayPal,completed
a18265b5-c2c8-4fcf-9b3a-74e8d47b8145,681-539-7141x05176,Credit Card,pending
ff67d50b-232e-47ac-98db-e887a40083b5,+1-556-632-8481x27723,PayPal,completed
39e23a58-149d-4306-b397-1856f0bb8057,+1-573-535-2877x4516,Debit Card,completed
46c7d660-cd7f-4810-9c7e-9d43a4b627f4,459-636-3474,Debit Card,completed
8fcf5287-f65d-43f8-8315-227f9ce0116f,916-552-3686,Debit Card,completed
26a9eb71-fcc0-4749-ab53-cf589318f902,001-830-864-8433,Debit Card,completed
4c7544b4-5843-44ad-91af-630caf68380a,657-324-0843x5489,Debit Card,pending
2185e7d4-c67f-4f9c-acd8-5aae1731019b,+1-469-416-4879,Credit Card,pending
a8cd9bbd-53b6-462c-b38e-905c9b0a2f84,+1-843-975-4483x30753,Credit Card,completed
ca8995cd-cd25-43dc-bd2c-abd248cbf455,2595468167,Debit Card,completed
8c036a14-24fe-48a3-8d3b-ac4e84a5d090,(582)364-5206,PayPal,pending
57e617a5-4374-4101-a3f4-943ced292022,634-994-8112,PayPal,pending
2afe6994-b854-4c52-951b-8bd60d239ac5,001-559-428-2679x007,PayPal,pending
d92511a4-4398-4a56-9936-46945cb847e6,001-528-938-2821,Credit Card,pending
0051dabb-411c-4dd2-99fe-bbc376d2c584,(853)355-4811x018,Credit Card,pending
ccecccdd-89cb-4770-b949-24cccb804c4e,335-302-3166,Debit Card,completed
ae1dbae7-1448-486b-b9f1-01c8e494b8b0,6289001483,Debit Card,completed
cabe9608-d32d-4731-aba6-56cff0cc5f43,001-941-721-4426,Credit Card,completed
84cd7588-3d3e-4572-a131-22924bec6a5a,476.667.8661x382,Credit Card,completed
0476a96f-4a12-4e2e-b8d5-4c61fc63dd87,6442218210,Credit Card,completed
fd119688-d5ab-404e-a08b-00cbf3b24191,+1-687-516-2944,PayPal,pending
238c3322-e5ff-44a8-ad66-d0bb872a790b,8159170081,Credit Card,pending
a014ad92-7148-4c8d-8c38-e5fb874c14af,382-534-7957,Debit Card,completed
424135ec-0c99-4531-a495-9216fed4bbad,(795)953-2202x55979,Credit Card,pending
0d1fc6a7-69fb-4e27-9b40-28db944efa81,471.508.4578,Credit Card,pending
87f63deb-015e-478a-b459-7876d12064e3,001-414-555-4598x789,PayPal,completed
eeb1c6a6-4477-497f-8473-c6519194bb11,+1-351-773-9279,Credit Card,pending
522e1b1e-5f9f-44ea-8ed4-8f8b1c8a1b3e,+1-300-782-8510x7825,Debit Card,completed
67690213-bb1a-48ba-80f2-5b466beec8a6,3297534983,Debit Card,pending
0e78cf39-604a-4f1d-bbfb-79aacadccd5f,797.277.7518x11555,Debit Card,pending
40e0a9f8-663e-4421-b456-6891d67ec318,+1-208-864-0099x5589,Credit Card,completed
545d384c-29c8-4904-8008-c5d5b5bae658,3602310593,PayPal,completed
acba4b9f-1011-41d4-8e3f-66e2f3f5df65,448-419-4470,Credit Card,completed
3ac6bbb0-c301-4e84-bdfc-a77609cea72d,293.449.7598x239,Debit Card,completed
4823630d-1bf4-43f0-a1af-55a555ae21d3,8223383622,Debit Card,completed
d7242eca-61c4-4fcb-97e6-11347e2a8a2f,808-655-0924,PayPal,completed
bb17468a-7648-4974-b3d6-9f9f1a78cb39,922.207.8157x85481,PayPal,pending
184827be-c3bd-40a1-a2bb-8b085d58ddc0,908.901.4896x12666,PayPal,completed
2dac83f2-fddb-4761-b211-ea716feee91c,(718)789-6289,PayPal,pending
08341169-2d82-41d4-8273-fda624f99042,366-506-0469x728,PayPal,pending
476f789e-727f-4aad-9395-3d66aec6261a,8483263716,Credit Card,pending
